{
  "heuristic": {
    "reward_mean": 85.96096000000001,
    "reward_std": 5.389661796291121,
    "violation_rate_mean": 0.203
  },
  "dqn": {
    "reward_mean": 108.30224000000005,
    "reward_std": 5.058236667298206,
    "violation_rate_mean": 0.16168000000000002
  },
  "ippo": {
    "reward_mean": 125.18466000000006,
    "reward_std": 4.635449070413788,
    "violation_rate_mean": 0.12778
  },
  "qmix": {
    "reward_mean": 139.40238000000005,
    "reward_std": 3.748065545798254,
    "violation_rate_mean": 0.08206000000000001
  },
  "mappo": {
    "reward_mean": 147.67666000000003,
    "reward_std": 3.5617548265426615,
    "violation_rate_mean": 0.07754
  },
  "cpo": {
    "reward_mean": 143.74140000000008,
    "reward_std": 4.115831099547203,
    "violation_rate_mean": 0.052
  },
  "lagrangian_ctde": {
    "reward_mean": 162.13912000000002,
    "reward_std": 4.231010859792256,
    "violation_rate_mean": 0.03088
  }
}