{
  "seed": 3,
  "method": "mappo",
  "git_commit": "f900e6da8bacaf707dcb6e6cc19fd19113cbca4c",
  "config_hash": "98c3acb7f7b9d6a2",
  "reward": -698.8426800000001,
  "accuracy": null,
  "fairness_metrics": {
    "jain_action_index": 0.665872831775636,
    "action_balance_std": 0.46981468923632247,
    "agent_1_action_mean": 1.0292000000000001,
    "agent_2_action_mean": 0.9605,
    "agent_3_action_mean": 0.0
  },
  "constraint_violations": {
    "mean": 0.0,
    "std": 0.0
  },
  "damage_metrics": {
    "avg_damage_prevented": 0.5186959999999996,
    "avg_damage_after": 4.399963999999999
  },
  "robustness_metrics": {
    "noise_level": 0.05,
    "reward_mean": -749.6604900000001,
    "reward_delta": -50.81781000000001,
    "reward_ratio": 1.0727170956569614
  },
  "raw_metrics": {
    "cumulative_reward_mean": -698.8426800000001,
    "cumulative_reward_std": 270.6195888067558,
    "reward_mean": -698.8426800000001,
    "reward_std": 270.6195888067558,
    "violation_rate_mean": 0.0,
    "violation_rate_std": 0.0,
    "avg_damage_prevented_mean": 0.5186959999999996,
    "avg_damage_prevented_std": 0.011641665860176563,
    "avg_damage_after_mean": 4.399963999999999,
    "avg_damage_after_std": 0.8441298167367379,
    "observation_noise_mean": 0.019999999999999997,
    "fairness_action_balance_std": 0.46981468923632247,
    "fairness_jain_action_index": 0.665872831775636,
    "agent_1_action_mean": 1.0292000000000001,
    "agent_2_action_mean": 0.9605,
    "agent_3_action_mean": 0.0,
    "robustness_noise_level": 0.05,
    "robustness_reward_mean": -749.6604900000001,
    "robustness_damage_prevented_mean": 0.5176279999999998,
    "robustness_reward_delta": -50.81781000000001,
    "robustness_reward_ratio": 1.0727170956569614
  }
}