{
  "seed": 2,
  "method": "mappo",
  "git_commit": "f900e6da8bacaf707dcb6e6cc19fd19113cbca4c",
  "config_hash": "98c3acb7f7b9d6a2",
  "reward": -659.6551500000002,
  "accuracy": null,
  "fairness_metrics": {
    "jain_action_index": 0.4123652186371134,
    "action_balance_std": 0.9785551980116173,
    "agent_1_action_mean": 0.0,
    "agent_2_action_mean": 2.1952,
    "agent_3_action_mean": 0.264
  },
  "constraint_violations": {
    "mean": 0.0,
    "std": 0.0
  },
  "damage_metrics": {
    "avg_damage_prevented": 0.5722620000000002,
    "avg_damage_after": 3.958668000000001
  },
  "robustness_metrics": {
    "noise_level": 0.05,
    "reward_mean": -725.18808,
    "reward_delta": -65.53292999999985,
    "reward_ratio": 1.099344225556328
  },
  "raw_metrics": {
    "cumulative_reward_mean": -659.6551500000002,
    "cumulative_reward_std": 343.85351106210544,
    "reward_mean": -659.6551500000002,
    "reward_std": 343.85351106210544,
    "violation_rate_mean": 0.0,
    "violation_rate_std": 0.0,
    "avg_damage_prevented_mean": 0.5722620000000002,
    "avg_damage_prevented_std": 0.15133675613016123,
    "avg_damage_after_mean": 3.958668000000001,
    "avg_damage_after_std": 1.5980737580524882,
    "observation_noise_mean": 0.019999999999999997,
    "fairness_action_balance_std": 0.9785551980116173,
    "fairness_jain_action_index": 0.4123652186371134,
    "agent_1_action_mean": 0.0,
    "agent_2_action_mean": 2.1952,
    "agent_3_action_mean": 0.264,
    "robustness_noise_level": 0.05,
    "robustness_reward_mean": -725.18808,
    "robustness_damage_prevented_mean": 0.5403060000000004,
    "robustness_reward_delta": -65.53292999999985,
    "robustness_reward_ratio": 1.099344225556328
  }
}