{
  "method": "mappo",
  "git_commit": "f900e6da8bacaf707dcb6e6cc19fd19113cbca4c",
  "seeds": [
    0,
    1,
    2,
    3,
    4,
    5,
    6,
    7,
    8,
    9
  ],
  "summary": {
    "n_runs": 10,
    "reward_mean": -711.4791940000001,
    "reward_std": 182.8110806472915,
    "reward_ci95": {
      "low": -849.3283258417171,
      "high": -573.6300621582832
    },
    "constraint_mean": 0.0,
    "constraint_std": 0.0,
    "constraint_ci95": {
      "low": NaN,
      "high": NaN
    },
    "fairness_mean": 0.5099738228128466,
    "fairness_std": 0.23219976325095093,
    "fairness_ci95": {
      "low": 0.33488303693345134,
      "high": 0.685064608692242
    }
  }
}