{
  "seed": 0,
  "method": "mappo",
  "git_commit": "f900e6da8bacaf707dcb6e6cc19fd19113cbca4c",
  "config_hash": "98c3acb7f7b9d6a2",
  "reward": -493.30741,
  "accuracy": null,
  "fairness_metrics": {
    "jain_action_index": 0.568320180609219,
    "action_balance_std": 0.9771639200598161,
    "agent_1_action_mean": 0.9575,
    "agent_2_action_mean": 2.3914,
    "agent_3_action_mean": 0.0147
  },
  "constraint_violations": {
    "mean": 0.0,
    "std": 0.0
  },
  "damage_metrics": {
    "avg_damage_prevented": 0.8447380000000001,
    "avg_damage_after": 3.736752
  },
  "robustness_metrics": {
    "noise_level": 0.05,
    "reward_mean": -518.8717300000001,
    "reward_delta": -25.564320000000066,
    "reward_ratio": 1.051822290710205
  },
  "raw_metrics": {
    "cumulative_reward_mean": -493.30741,
    "cumulative_reward_std": 227.0566869364386,
    "reward_mean": -493.30741,
    "reward_std": 227.0566869364386,
    "violation_rate_mean": 0.0,
    "violation_rate_std": 0.0,
    "avg_damage_prevented_mean": 0.8447380000000001,
    "avg_damage_prevented_std": 0.10617950911545974,
    "avg_damage_after_mean": 3.736752,
    "avg_damage_after_std": 0.8074865443436193,
    "observation_noise_mean": 0.019999999999999997,
    "fairness_action_balance_std": 0.9771639200598161,
    "fairness_jain_action_index": 0.568320180609219,
    "agent_1_action_mean": 0.9575,
    "agent_2_action_mean": 2.3914,
    "agent_3_action_mean": 0.0147,
    "robustness_noise_level": 0.05,
    "robustness_reward_mean": -518.8717300000001,
    "robustness_damage_prevented_mean": 0.8571239999999999,
    "robustness_reward_delta": -25.564320000000066,
    "robustness_reward_ratio": 1.051822290710205
  }
}