{
  "seed": 4,
  "method": "qmix",
  "git_commit": "f900e6da8bacaf707dcb6e6cc19fd19113cbca4c",
  "config_hash": "31f9dcb5683a00c5",
  "reward": -43.89869000000001,
  "accuracy": null,
  "fairness_metrics": {
    "jain_action_index": 0.9277439675102311,
    "action_balance_std": 0.38791608199025035,
    "agent_1_action_mean": 1.4313,
    "agent_2_action_mean": 0.8956000000000001,
    "agent_3_action_mean": 1.8431
  },
  "constraint_violations": {
    "mean": 0.0074,
    "std": 0.020718108021728236
  },
  "damage_metrics": {
    "avg_damage_prevented": 1.2964680000000002,
    "avg_damage_after": 0.559172
  },
  "robustness_metrics": {
    "noise_level": 0.05,
    "reward_mean": -44.74677000000001,
    "reward_delta": -0.848080000000003,
    "reward_ratio": 1.0193190277475979
  },
  "raw_metrics": {
    "cumulative_reward_mean": -43.89869000000001,
    "cumulative_reward_std": 21.842376012327502,
    "reward_mean": -43.89869000000001,
    "reward_std": 21.842376012327502,
    "violation_rate_mean": 0.0074,
    "violation_rate_std": 0.020718108021728236,
    "avg_damage_prevented_mean": 1.2964680000000002,
    "avg_damage_prevented_std": 0.26098686590707976,
    "avg_damage_after_mean": 0.559172,
    "avg_damage_after_std": 0.2965661302576543,
    "observation_noise_mean": 0.019999999999999997,
    "fairness_action_balance_std": 0.38791608199025035,
    "fairness_jain_action_index": 0.9277439675102311,
    "agent_1_action_mean": 1.4313,
    "agent_2_action_mean": 0.8956000000000001,
    "agent_3_action_mean": 1.8431,
    "robustness_noise_level": 0.05,
    "robustness_reward_mean": -44.74677000000001,
    "robustness_damage_prevented_mean": 1.284718,
    "robustness_reward_delta": -0.848080000000003,
    "robustness_reward_ratio": 1.0193190277475979
  }
}