{
  "seed": 3,
  "method": "qmix",
  "git_commit": "f900e6da8bacaf707dcb6e6cc19fd19113cbca4c",
  "config_hash": "31f9dcb5683a00c5",
  "reward": -41.551310000000015,
  "accuracy": null,
  "fairness_metrics": {
    "jain_action_index": 0.9309501031496429,
    "action_balance_std": 0.38356065433716663,
    "agent_1_action_mean": 1.383,
    "agent_2_action_mean": 0.9518000000000001,
    "agent_3_action_mean": 1.8902999999999996
  },
  "constraint_violations": {
    "mean": 0.0030000000000000005,
    "std": 0.01337908816025965
  },
  "damage_metrics": {
    "avg_damage_prevented": 1.2773919999999999,
    "avg_damage_after": 0.446908
  },
  "robustness_metrics": {
    "noise_level": 0.05,
    "reward_mean": -42.97314,
    "reward_delta": -1.4218299999999857,
    "reward_ratio": 1.0342186566522733
  },
  "raw_metrics": {
    "cumulative_reward_mean": -41.551310000000015,
    "cumulative_reward_std": 17.397083942543354,
    "reward_mean": -41.551310000000015,
    "reward_std": 17.397083942543354,
    "violation_rate_mean": 0.0030000000000000005,
    "violation_rate_std": 0.01337908816025965,
    "avg_damage_prevented_mean": 1.2773919999999999,
    "avg_damage_prevented_std": 0.2353877378624471,
    "avg_damage_after_mean": 0.446908,
    "avg_damage_after_std": 0.25003838972445813,
    "observation_noise_mean": 0.019999999999999997,
    "fairness_action_balance_std": 0.38356065433716663,
    "fairness_jain_action_index": 0.9309501031496429,
    "agent_1_action_mean": 1.383,
    "agent_2_action_mean": 0.9518000000000001,
    "agent_3_action_mean": 1.8902999999999996,
    "robustness_noise_level": 0.05,
    "robustness_reward_mean": -42.97314,
    "robustness_damage_prevented_mean": 1.268568,
    "robustness_reward_delta": -1.4218299999999857,
    "robustness_reward_ratio": 1.0342186566522733
  }
}