{
  "seed": 1,
  "method": "qmix",
  "git_commit": "f900e6da8bacaf707dcb6e6cc19fd19113cbca4c",
  "config_hash": "31f9dcb5683a00c5",
  "reward": -38.09029000000001,
  "accuracy": null,
  "fairness_metrics": {
    "jain_action_index": 0.7480981087863396,
    "action_balance_std": 0.7729115401447239,
    "agent_1_action_mean": 0.9641,
    "agent_2_action_mean": 0.6245,
    "agent_3_action_mean": 2.4073
  },
  "constraint_violations": {
    "mean": 0.0538,
    "std": 0.08971934016698963
  },
  "damage_metrics": {
    "avg_damage_prevented": 1.3060979999999995,
    "avg_damage_after": 0.539422
  },
  "robustness_metrics": {
    "noise_level": 0.05,
    "reward_mean": -37.867680000000014,
    "reward_delta": 0.22260999999999598,
    "reward_ratio": 0.9941557286631727
  },
  "raw_metrics": {
    "cumulative_reward_mean": -38.09029000000001,
    "cumulative_reward_std": 22.848313680792717,
    "reward_mean": -38.09029000000001,
    "reward_std": 22.848313680792717,
    "violation_rate_mean": 0.0538,
    "violation_rate_std": 0.08971934016698963,
    "avg_damage_prevented_mean": 1.3060979999999995,
    "avg_damage_prevented_std": 0.2951329395306462,
    "avg_damage_after_mean": 0.539422,
    "avg_damage_after_std": 0.292805354315798,
    "observation_noise_mean": 0.019999999999999997,
    "fairness_action_balance_std": 0.7729115401447239,
    "fairness_jain_action_index": 0.7480981087863396,
    "agent_1_action_mean": 0.9641,
    "agent_2_action_mean": 0.6245,
    "agent_3_action_mean": 2.4073,
    "robustness_noise_level": 0.05,
    "robustness_reward_mean": -37.867680000000014,
    "robustness_damage_prevented_mean": 1.2909659999999996,
    "robustness_reward_delta": 0.22260999999999598,
    "robustness_reward_ratio": 0.9941557286631727
  }
}