{
  "seed": 8,
  "method": "lagrangian_ctde",
  "git_commit": "76c0c80f1c4d91daef4b2321ecef0f103b35b2e1",
  "config_hash": "7e7484b416a2f25f",
  "reward": -292.93366000000003,
  "accuracy": null,
  "fairness_metrics": {
    "jain_action_index": 0.6579537496315124,
    "action_balance_std": 0.8621425301086951,
    "agent_1_action_mean": 0.0,
    "agent_2_action_mean": 2.0,
    "agent_3_action_mean": 1.5872000000000002
  },
  "constraint_violations": {
    "mean": 0.0,
    "std": 0.0
  },
  "damage_metrics": {
    "avg_damage_prevented": 1.0513620000000006,
    "avg_damage_after": 2.723258000000001
  },
  "robustness_metrics": {
    "noise_level": 0.05,
    "reward_mean": -294.1147,
    "reward_delta": -1.1810399999999959,
    "reward_ratio": 1.0040317661344904
  },
  "raw_metrics": {
    "cumulative_reward_mean": -292.93366000000003,
    "cumulative_reward_std": 200.33300551163404,
    "reward_mean": -292.93366000000003,
    "reward_std": 200.33300551163404,
    "violation_rate_mean": 0.0,
    "violation_rate_std": 0.0,
    "avg_damage_prevented_mean": 1.0513620000000006,
    "avg_damage_prevented_std": 0.12581029590617812,
    "avg_damage_after_mean": 2.723258000000001,
    "avg_damage_after_std": 1.0176703665902829,
    "observation_noise_mean": 0.019999999999999997,
    "fairness_action_balance_std": 0.8621425301086951,
    "fairness_jain_action_index": 0.6579537496315124,
    "agent_1_action_mean": 0.0,
    "agent_2_action_mean": 2.0,
    "agent_3_action_mean": 1.5872000000000002,
    "robustness_noise_level": 0.05,
    "robustness_reward_mean": -294.1147,
    "robustness_damage_prevented_mean": 1.0453980000000005,
    "robustness_reward_delta": -1.1810399999999959,
    "robustness_reward_ratio": 1.0040317661344904
  }
}