{
  "seed": 6,
  "method": "lagrangian_ctde",
  "git_commit": "f900e6da8bacaf707dcb6e6cc19fd19113cbca4c",
  "config_hash": "6a0966dadbb08cad",
  "reward": -188.14368000000005,
  "accuracy": null,
  "fairness_metrics": {
    "jain_action_index": 0.9261343176188082,
    "action_balance_std": 0.39444594897991614,
    "agent_1_action_mean": 1.9265999999999999,
    "agent_2_action_mean": 1.2826999999999997,
    "agent_3_action_mean": 0.9808000000000001
  },
  "constraint_violations": {
    "mean": 0.0092,
    "std": 0.015341447128612086
  },
  "damage_metrics": {
    "avg_damage_prevented": 1.2964240000000005,
    "avg_damage_after": 2.5084860000000004
  },
  "robustness_metrics": {
    "noise_level": 0.05,
    "reward_mean": -195.22150000000002,
    "reward_delta": -7.077819999999974,
    "reward_ratio": 1.0376192280834315
  },
  "raw_metrics": {
    "cumulative_reward_mean": -188.14368000000005,
    "cumulative_reward_std": 76.472178192187,
    "reward_mean": -188.14368000000005,
    "reward_std": 76.472178192187,
    "violation_rate_mean": 0.0092,
    "violation_rate_std": 0.015341447128612086,
    "avg_damage_prevented_mean": 1.2964240000000005,
    "avg_damage_prevented_std": 0.3037661696502755,
    "avg_damage_after_mean": 2.5084860000000004,
    "avg_damage_after_std": 0.45231147830228674,
    "observation_noise_mean": 0.019999999999999997,
    "fairness_action_balance_std": 0.39444594897991614,
    "fairness_jain_action_index": 0.9261343176188082,
    "agent_1_action_mean": 1.9265999999999999,
    "agent_2_action_mean": 1.2826999999999997,
    "agent_3_action_mean": 0.9808000000000001,
    "robustness_noise_level": 0.05,
    "robustness_reward_mean": -195.22150000000002,
    "robustness_damage_prevented_mean": 1.326798,
    "robustness_reward_delta": -7.077819999999974,
    "robustness_reward_ratio": 1.0376192280834315
  }
}