{
  "seed": 0,
  "method": "lagrangian_ctde",
  "git_commit": "76c0c80f1c4d91daef4b2321ecef0f103b35b2e1",
  "config_hash": "7e7484b416a2f25f",
  "reward": -295.84985,
  "accuracy": null,
  "fairness_metrics": {
    "jain_action_index": 0.6578698934475327,
    "action_balance_std": 0.8618704671945908,
    "agent_1_action_mean": 0.0,
    "agent_2_action_mean": 2.0,
    "agent_3_action_mean": 1.5854000000000001
  },
  "constraint_violations": {
    "mean": 0.0,
    "std": 0.0
  },
  "damage_metrics": {
    "avg_damage_prevented": 1.0506840000000006,
    "avg_damage_after": 2.7343460000000004
  },
  "robustness_metrics": {
    "noise_level": 0.05,
    "reward_mean": -297.76057000000003,
    "reward_delta": -1.9107200000000262,
    "reward_ratio": 1.0064584112855377
  },
  "raw_metrics": {
    "cumulative_reward_mean": -295.84985,
    "cumulative_reward_std": 203.06739150744392,
    "reward_mean": -295.84985,
    "reward_std": 203.06739150744392,
    "violation_rate_mean": 0.0,
    "violation_rate_std": 0.0,
    "avg_damage_prevented_mean": 1.0506840000000006,
    "avg_damage_prevented_std": 0.12775528851675808,
    "avg_damage_after_mean": 2.7343460000000004,
    "avg_damage_after_std": 1.027013899557353,
    "observation_noise_mean": 0.019999999999999997,
    "fairness_action_balance_std": 0.8618704671945908,
    "fairness_jain_action_index": 0.6578698934475327,
    "agent_1_action_mean": 0.0,
    "agent_2_action_mean": 2.0,
    "agent_3_action_mean": 1.5854000000000001,
    "robustness_noise_level": 0.05,
    "robustness_reward_mean": -297.76057000000003,
    "robustness_damage_prevented_mean": 1.0486500000000003,
    "robustness_reward_delta": -1.9107200000000262,
    "robustness_reward_ratio": 1.0064584112855377
  }
}