{
  "seed": 1,
  "method": "lagrangian_ctde",
  "git_commit": "5f7c28afd828c1e7bb9ded87073af61aea56a8f2",
  "config_hash": "930a54632a2c1fb3",
  "reward": -293.82716,
  "accuracy": null,
  "fairness_metrics": {
    "jain_action_index": 0.6581292395482962,
    "action_balance_std": 0.8627193440897606,
    "agent_1_action_mean": 0.0,
    "agent_2_action_mean": 2.0,
    "agent_3_action_mean": 1.5910000000000002
  },
  "constraint_violations": {
    "mean": 0.0,
    "std": 0.0
  },
  "damage_metrics": {
    "avg_damage_prevented": 1.0526700000000004,
    "avg_damage_after": 2.72413
  },
  "robustness_metrics": {
    "noise_level": 0.05,
    "reward_mean": -294.39441,
    "reward_delta": -0.5672500000000014,
    "reward_ratio": 1.001930556760033
  },
  "raw_metrics": {
    "cumulative_reward_mean": -293.82716,
    "cumulative_reward_std": 201.33995796427095,
    "reward_mean": -293.82716,
    "reward_std": 201.33995796427095,
    "violation_rate_mean": 0.0,
    "violation_rate_std": 0.0,
    "avg_damage_prevented_mean": 1.0526700000000004,
    "avg_damage_prevented_std": 0.12639984770560483,
    "avg_damage_after_mean": 2.72413,
    "avg_damage_after_std": 1.0239654298363792,
    "observation_noise_mean": 0.019999999999999997,
    "fairness_action_balance_std": 0.8627193440897606,
    "fairness_jain_action_index": 0.6581292395482962,
    "agent_1_action_mean": 0.0,
    "agent_2_action_mean": 2.0,
    "agent_3_action_mean": 1.5910000000000002,
    "robustness_noise_level": 0.05,
    "robustness_reward_mean": -294.39441,
    "robustness_damage_prevented_mean": 1.0476540000000005,
    "robustness_reward_delta": -0.5672500000000014,
    "robustness_reward_ratio": 1.001930556760033
  }
}