{
  "seed": 7,
  "method": "lagrangian_ctde",
  "git_commit": "76c0c80f1c4d91daef4b2321ecef0f103b35b2e1",
  "config_hash": "7e7484b416a2f25f",
  "reward": -292.83776,
  "accuracy": null,
  "fairness_metrics": {
    "jain_action_index": 0.657443539248827,
    "action_balance_std": 0.8605214129945996,
    "agent_1_action_mean": 0.0,
    "agent_2_action_mean": 2.0,
    "agent_3_action_mean": 1.5763999999999998
  },
  "constraint_violations": {
    "mean": 0.0,
    "std": 0.0
  },
  "damage_metrics": {
    "avg_damage_prevented": 1.0474440000000005,
    "avg_damage_after": 2.7211160000000003
  },
  "robustness_metrics": {
    "noise_level": 0.05,
    "reward_mean": -294.18892,
    "reward_delta": -1.351159999999993,
    "reward_ratio": 1.0046140224882412
  },
  "raw_metrics": {
    "cumulative_reward_mean": -292.83776,
    "cumulative_reward_std": 200.9085059449261,
    "reward_mean": -292.83776,
    "reward_std": 200.9085059449261,
    "violation_rate_mean": 0.0,
    "violation_rate_std": 0.0,
    "avg_damage_prevented_mean": 1.0474440000000005,
    "avg_damage_prevented_std": 0.12867572134633676,
    "avg_damage_after_mean": 2.7211160000000003,
    "avg_damage_after_std": 1.0224292645185784,
    "observation_noise_mean": 0.019999999999999997,
    "fairness_action_balance_std": 0.8605214129945996,
    "fairness_jain_action_index": 0.657443539248827,
    "agent_1_action_mean": 0.0,
    "agent_2_action_mean": 2.0,
    "agent_3_action_mean": 1.5763999999999998,
    "robustness_noise_level": 0.05,
    "robustness_reward_mean": -294.18892,
    "robustness_damage_prevented_mean": 1.0411680000000005,
    "robustness_reward_delta": -1.351159999999993,
    "robustness_reward_ratio": 1.0046140224882412
  }
}