{
  "method": "lagrangian_ctde",
  "git_commit": "76c0c80f1c4d91daef4b2321ecef0f103b35b2e1",
  "seeds": [
    0,
    1,
    2,
    3,
    4,
    5,
    6,
    7,
    8,
    9
  ],
  "summary": {
    "n_runs": 10,
    "reward_mean": -293.44876200000004,
    "reward_std": 1.194793011276844,
    "reward_ci95": {
      "low": -294.3496985228404,
      "high": -292.5478254771597
    },
    "constraint_mean": 0.0,
    "constraint_std": 0.0,
    "constraint_ci95": {
      "low": NaN,
      "high": NaN
    },
    "fairness_mean": 0.6578080284840123,
    "fairness_std": 0.0001750238957171042,
    "fairness_ci95": {
      "low": 0.6576760512975599,
      "high": 0.6579400056704647
    }
  }
}