{
  "method": "lagrangian_ctde",
  "git_commit": "5f7c28afd828c1e7bb9ded87073af61aea56a8f2",
  "seeds": [
    0,
    1,
    2,
    3,
    4,
    5,
    6,
    7,
    8,
    9
  ],
  "summary": {
    "n_runs": 10,
    "reward_mean": -293.245979,
    "reward_std": 1.0282334949168839,
    "reward_ci95": {
      "low": -294.0213209218517,
      "high": -292.47063707814823
    },
    "constraint_mean": 0.0,
    "constraint_std": 0.0,
    "constraint_ci95": {
      "low": NaN,
      "high": NaN
    },
    "fairness_mean": 0.6581087373954553,
    "fairness_std": 9.206570969067125e-05,
    "fairness_ci95": {
      "low": 0.658039315027247,
      "high": 0.6581781597636636
    }
  }
}