{
  "seed": 5,
  "method": "dqn",
  "git_commit": "f900e6da8bacaf707dcb6e6cc19fd19113cbca4c",
  "config_hash": "46dc36057b422bc8",
  "reward": -38.858530000000016,
  "accuracy": null,
  "fairness_metrics": {
    "jain_action_index": 0.9406390820658724,
    "action_balance_std": 0.3570714307623429,
    "agent_1_action_mean": 1.3578999999999999,
    "agent_2_action_mean": 1.0192999999999999,
    "agent_3_action_mean": 1.8869999999999998
  },
  "constraint_violations": {
    "mean": 0.0002,
    "std": 0.00198997487421324
  },
  "damage_metrics": {
    "avg_damage_prevented": 1.2428059999999994,
    "avg_damage_after": 0.295844
  },
  "robustness_metrics": {
    "noise_level": 0.05,
    "reward_mean": -41.025570000000016,
    "reward_delta": -2.16704,
    "reward_ratio": 1.055767421221484
  },
  "raw_metrics": {
    "cumulative_reward_mean": -38.858530000000016,
    "cumulative_reward_std": 13.060084691115133,
    "reward_mean": -38.858530000000016,
    "reward_std": 13.060084691115133,
    "violation_rate_mean": 0.0002,
    "violation_rate_std": 0.00198997487421324,
    "avg_damage_prevented_mean": 1.2428059999999994,
    "avg_damage_prevented_std": 0.2006303126748301,
    "avg_damage_after_mean": 0.295844,
    "avg_damage_after_std": 0.18835725540578474,
    "observation_noise_mean": 0.019999999999999997,
    "fairness_action_balance_std": 0.3570714307623429,
    "fairness_jain_action_index": 0.9406390820658724,
    "agent_1_action_mean": 1.3578999999999999,
    "agent_2_action_mean": 1.0192999999999999,
    "agent_3_action_mean": 1.8869999999999998,
    "robustness_noise_level": 0.05,
    "robustness_reward_mean": -41.025570000000016,
    "robustness_damage_prevented_mean": 1.2473139999999996,
    "robustness_reward_delta": -2.16704,
    "robustness_reward_ratio": 1.055767421221484
  }
}