{
  "seed": 3,
  "method": "dqn",
  "git_commit": "f900e6da8bacaf707dcb6e6cc19fd19113cbca4c",
  "config_hash": "46dc36057b422bc8",
  "reward": -48.00139000000003,
  "accuracy": null,
  "fairness_metrics": {
    "jain_action_index": 0.8978373728264515,
    "action_balance_std": 0.4997904182977322,
    "agent_1_action_mean": 2.0362999999999998,
    "agent_2_action_mean": 0.8249000000000001,
    "agent_3_action_mean": 1.5837
  },
  "constraint_violations": {
    "mean": 0.19840000000000002,
    "std": 0.12146373944515293
  },
  "damage_metrics": {
    "avg_damage_prevented": 1.2572179999999997,
    "avg_damage_after": 0.276012
  },
  "robustness_metrics": {
    "noise_level": 0.05,
    "reward_mean": -46.98938000000002,
    "reward_delta": 1.0120100000000107,
    "reward_ratio": 0.9789170690638159
  },
  "raw_metrics": {
    "cumulative_reward_mean": -48.00139000000003,
    "cumulative_reward_std": 16.87579346306123,
    "reward_mean": -48.00139000000003,
    "reward_std": 16.87579346306123,
    "violation_rate_mean": 0.19840000000000002,
    "violation_rate_std": 0.12146373944515293,
    "avg_damage_prevented_mean": 1.2572179999999997,
    "avg_damage_prevented_std": 0.21329009840121518,
    "avg_damage_after_mean": 0.276012,
    "avg_damage_after_std": 0.1827982315450563,
    "observation_noise_mean": 0.019999999999999997,
    "fairness_action_balance_std": 0.4997904182977322,
    "fairness_jain_action_index": 0.8978373728264515,
    "agent_1_action_mean": 2.0362999999999998,
    "agent_2_action_mean": 0.8249000000000001,
    "agent_3_action_mean": 1.5837,
    "robustness_noise_level": 0.05,
    "robustness_reward_mean": -46.98938000000002,
    "robustness_damage_prevented_mean": 1.2416959999999997,
    "robustness_reward_delta": 1.0120100000000107,
    "robustness_reward_ratio": 0.9789170690638159
  }
}