{
  "method": "dqn",
  "git_commit": "f900e6da8bacaf707dcb6e6cc19fd19113cbca4c",
  "seeds": [
    0,
    1,
    2,
    3,
    4,
    5,
    6,
    7,
    8,
    9
  ],
  "summary": {
    "n_runs": 10,
    "reward_mean": -44.446364000000024,
    "reward_std": 5.028047864543858,
    "reward_ci95": {
      "low": -48.237775497223396,
      "high": -40.65495250277665
    },
    "constraint_mean": 0.033030000000000004,
    "constraint_std": 0.060657102634398885,
    "constraint_ci95": {
      "low": -0.012708633066330424,
      "high": 0.07876863306633043
    },
    "fairness_mean": 0.9004951442521291,
    "fairness_std": 0.06768185037623946,
    "fairness_ci95": {
      "low": 0.8494594833787803,
      "high": 0.9515308051254778
    }
  }
}