{
  "seed": 9,
  "method": "lagrangian_ctde",
  "git_commit": "f900e6da8bacaf707dcb6e6cc19fd19113cbca4c",
  "config_hash": "6a0966dadbb08cad",
  "reward": -186.60168000000004,
  "accuracy": null,
  "fairness_metrics": {
    "jain_action_index": 0.9261934488728825,
    "action_balance_std": 0.39361677075833834,
    "agent_1_action_mean": 1.9236000000000002,
    "agent_2_action_mean": 1.2792,
    "agent_3_action_mean": 0.9803000000000001
  },
  "constraint_violations": {
    "mean": 0.009300000000000001,
    "std": 0.01534633506737032
  },
  "damage_metrics": {
    "avg_damage_prevented": 1.294554,
    "avg_damage_after": 2.5030760000000005
  },
  "robustness_metrics": {
    "noise_level": 0.05,
    "reward_mean": -194.38657000000003,
    "reward_delta": -7.78488999999999,
    "reward_ratio": 1.041719292186529
  },
  "raw_metrics": {
    "cumulative_reward_mean": -186.60168000000004,
    "cumulative_reward_std": 75.95045519427518,
    "reward_mean": -186.60168000000004,
    "reward_std": 75.95045519427518,
    "violation_rate_mean": 0.009300000000000001,
    "violation_rate_std": 0.01534633506737032,
    "avg_damage_prevented_mean": 1.294554,
    "avg_damage_prevented_std": 0.30407932564381934,
    "avg_damage_after_mean": 2.5030760000000005,
    "avg_damage_after_std": 0.45211391200006223,
    "observation_noise_mean": 0.019999999999999997,
    "fairness_action_balance_std": 0.39361677075833834,
    "fairness_jain_action_index": 0.9261934488728825,
    "agent_1_action_mean": 1.9236000000000002,
    "agent_2_action_mean": 1.2792,
    "agent_3_action_mean": 0.9803000000000001,
    "robustness_noise_level": 0.05,
    "robustness_reward_mean": -194.38657000000003,
    "robustness_damage_prevented_mean": 1.323506,
    "robustness_reward_delta": -7.78488999999999,
    "robustness_reward_ratio": 1.041719292186529
  }
}