{
  "seed": 3,
  "method": "lagrangian_ctde",
  "git_commit": "f900e6da8bacaf707dcb6e6cc19fd19113cbca4c",
  "config_hash": "6a0966dadbb08cad",
  "reward": -187.22161000000003,
  "accuracy": null,
  "fairness_metrics": {
    "jain_action_index": 0.9256744512256427,
    "action_balance_std": 0.3952223368631328,
    "agent_1_action_mean": 1.9262000000000001,
    "agent_2_action_mean": 1.2790000000000001,
    "agent_3_action_mean": 0.9791
  },
  "constraint_violations": {
    "mean": 0.009300000000000001,
    "std": 0.015346335067370319
  },
  "damage_metrics": {
    "avg_damage_prevented": 1.2946500000000003,
    "avg_damage_after": 2.5064400000000004
  },
  "robustness_metrics": {
    "noise_level": 0.05,
    "reward_mean": -194.04108,
    "reward_delta": -6.819469999999967,
    "reward_ratio": 1.0364245880075715
  },
  "raw_metrics": {
    "cumulative_reward_mean": -187.22161000000003,
    "cumulative_reward_std": 76.38609355339426,
    "reward_mean": -187.22161000000003,
    "reward_std": 76.38609355339426,
    "violation_rate_mean": 0.009300000000000001,
    "violation_rate_std": 0.015346335067370319,
    "avg_damage_prevented_mean": 1.2946500000000003,
    "avg_damage_prevented_std": 0.303325589919479,
    "avg_damage_after_mean": 2.5064400000000004,
    "avg_damage_after_std": 0.451653830272699,
    "observation_noise_mean": 0.019999999999999997,
    "fairness_action_balance_std": 0.3952223368631328,
    "fairness_jain_action_index": 0.9256744512256427,
    "agent_1_action_mean": 1.9262000000000001,
    "agent_2_action_mean": 1.2790000000000001,
    "agent_3_action_mean": 0.9791,
    "robustness_noise_level": 0.05,
    "robustness_reward_mean": -194.04108,
    "robustness_damage_prevented_mean": 1.322784,
    "robustness_reward_delta": -6.819469999999967,
    "robustness_reward_ratio": 1.0364245880075715
  }
}