{
  "seed": 3,
  "method": "lagrangian_ctde",
  "git_commit": "5f7c28afd828c1e7bb9ded87073af61aea56a8f2",
  "config_hash": "930a54632a2c1fb3",
  "reward": -292.62468,
  "accuracy": null,
  "fairness_metrics": {
    "jain_action_index": 0.6581200552262172,
    "action_balance_std": 0.8626889023409436,
    "agent_1_action_mean": 0.0,
    "agent_2_action_mean": 2.0,
    "agent_3_action_mean": 1.5907999999999998
  },
  "constraint_violations": {
    "mean": 0.0,
    "std": 0.0
  },
  "damage_metrics": {
    "avg_damage_prevented": 1.0525980000000006,
    "avg_damage_after": 2.7235020000000003
  },
  "robustness_metrics": {
    "noise_level": 0.05,
    "reward_mean": -293.19533,
    "reward_delta": -0.5706500000000005,
    "reward_ratio": 1.0019501089587506
  },
  "raw_metrics": {
    "cumulative_reward_mean": -292.62468,
    "cumulative_reward_std": 200.8139566392177,
    "reward_mean": -292.62468,
    "reward_std": 200.8139566392177,
    "violation_rate_mean": 0.0,
    "violation_rate_std": 0.0,
    "avg_damage_prevented_mean": 1.0525980000000006,
    "avg_damage_prevented_std": 0.12538080872286672,
    "avg_damage_after_mean": 2.7235020000000003,
    "avg_damage_after_std": 1.0172130754153728,
    "observation_noise_mean": 0.019999999999999997,
    "fairness_action_balance_std": 0.8626889023409436,
    "fairness_jain_action_index": 0.6581200552262172,
    "agent_1_action_mean": 0.0,
    "agent_2_action_mean": 2.0,
    "agent_3_action_mean": 1.5907999999999998,
    "robustness_noise_level": 0.05,
    "robustness_reward_mean": -293.19533,
    "robustness_damage_prevented_mean": 1.0467180000000005,
    "robustness_reward_delta": -0.5706500000000005,
    "robustness_reward_ratio": 1.0019501089587506
  }
}