{
  "seed": 2,
  "method": "lagrangian_ctde",
  "git_commit": "f900e6da8bacaf707dcb6e6cc19fd19113cbca4c",
  "config_hash": "6a0966dadbb08cad",
  "reward": -188.17745000000002,
  "accuracy": null,
  "fairness_metrics": {
    "jain_action_index": 0.925880688395034,
    "action_balance_std": 0.39574255099327726,
    "agent_1_action_mean": 1.9306999999999999,
    "agent_2_action_mean": 1.2832,
    "agent_3_action_mean": 0.9822
  },
  "constraint_violations": {
    "mean": 0.0093,
    "std": 0.01534633506737032
  },
  "damage_metrics": {
    "avg_damage_prevented": 1.2982900000000002,
    "avg_damage_after": 2.510560000000001
  },
  "robustness_metrics": {
    "noise_level": 0.05,
    "reward_mean": -194.64807000000005,
    "reward_delta": -6.470620000000025,
    "reward_ratio": 1.0343857354339954
  },
  "raw_metrics": {
    "cumulative_reward_mean": -188.17745000000002,
    "cumulative_reward_std": 76.76194937361545,
    "reward_mean": -188.17745000000002,
    "reward_std": 76.76194937361545,
    "violation_rate_mean": 0.0093,
    "violation_rate_std": 0.01534633506737032,
    "avg_damage_prevented_mean": 1.2982900000000002,
    "avg_damage_prevented_std": 0.3014517140438912,
    "avg_damage_after_mean": 2.510560000000001,
    "avg_damage_after_std": 0.4515507395631193,
    "observation_noise_mean": 0.019999999999999997,
    "fairness_action_balance_std": 0.39574255099327726,
    "fairness_jain_action_index": 0.925880688395034,
    "agent_1_action_mean": 1.9306999999999999,
    "agent_2_action_mean": 1.2832,
    "agent_3_action_mean": 0.9822,
    "robustness_noise_level": 0.05,
    "robustness_reward_mean": -194.64807000000005,
    "robustness_damage_prevented_mean": 1.3247520000000004,
    "robustness_reward_delta": -6.470620000000025,
    "robustness_reward_ratio": 1.0343857354339954
  }
}