{
  "seed": 0,
  "method": "lagrangian_ctde",
  "git_commit": "f900e6da8bacaf707dcb6e6cc19fd19113cbca4c",
  "config_hash": "6a0966dadbb08cad",
  "reward": -188.20715000000004,
  "accuracy": null,
  "fairness_metrics": {
    "jain_action_index": 0.9258934597488998,
    "action_balance_std": 0.3953568036877856,
    "agent_1_action_mean": 1.9291,
    "agent_2_action_mean": 1.2816,
    "agent_3_action_mean": 0.9817
  },
  "constraint_violations": {
    "mean": 0.009399999999999999,
    "std": 0.015350570021989411
  },
  "damage_metrics": {
    "avg_damage_prevented": 1.2972620000000001,
    "avg_damage_after": 2.514358
  },
  "robustness_metrics": {
    "noise_level": 0.05,
    "reward_mean": -195.96658000000008,
    "reward_delta": -7.759430000000037,
    "reward_ratio": 1.0412281361808642
  },
  "raw_metrics": {
    "cumulative_reward_mean": -188.20715000000004,
    "cumulative_reward_std": 77.02230664981087,
    "reward_mean": -188.20715000000004,
    "reward_std": 77.02230664981087,
    "violation_rate_mean": 0.009399999999999999,
    "violation_rate_std": 0.015350570021989411,
    "avg_damage_prevented_mean": 1.2972620000000001,
    "avg_damage_prevented_std": 0.3005557574827006,
    "avg_damage_after_mean": 2.514358,
    "avg_damage_after_std": 0.4521544734225241,
    "observation_noise_mean": 0.019999999999999997,
    "fairness_action_balance_std": 0.3953568036877856,
    "fairness_jain_action_index": 0.9258934597488998,
    "agent_1_action_mean": 1.9291,
    "agent_2_action_mean": 1.2816,
    "agent_3_action_mean": 0.9817,
    "robustness_noise_level": 0.05,
    "robustness_reward_mean": -195.96658000000008,
    "robustness_damage_prevented_mean": 1.331214,
    "robustness_reward_delta": -7.759430000000037,
    "robustness_reward_ratio": 1.0412281361808642
  }
}