{
  "seed": 0,
  "method": "lagrangian_ctde",
  "git_commit": "5f7c28afd828c1e7bb9ded87073af61aea56a8f2",
  "config_hash": "930a54632a2c1fb3",
  "reward": -295.28822,
  "accuracy": null,
  "fairness_metrics": {
    "jain_action_index": 0.658147590891007,
    "action_balance_std": 0.8627802552729686,
    "agent_1_action_mean": 0.0,
    "agent_2_action_mean": 2.0,
    "agent_3_action_mean": 1.5914000000000001
  },
  "constraint_violations": {
    "mean": 0.0,
    "std": 0.0
  },
  "damage_metrics": {
    "avg_damage_prevented": 1.0528140000000006,
    "avg_damage_after": 2.7268060000000003
  },
  "robustness_metrics": {
    "noise_level": 0.05,
    "reward_mean": -296.53677,
    "reward_delta": -1.248549999999966,
    "reward_ratio": 1.0042282418514434
  },
  "raw_metrics": {
    "cumulative_reward_mean": -295.28822,
    "cumulative_reward_std": 203.4848933053056,
    "reward_mean": -295.28822,
    "reward_std": 203.4848933053056,
    "violation_rate_mean": 0.0,
    "violation_rate_std": 0.0,
    "avg_damage_prevented_mean": 1.0528140000000006,
    "avg_damage_prevented_std": 0.1271314681894302,
    "avg_damage_after_mean": 2.7268060000000003,
    "avg_damage_after_std": 1.0336300959066549,
    "observation_noise_mean": 0.019999999999999997,
    "fairness_action_balance_std": 0.8627802552729686,
    "fairness_jain_action_index": 0.658147590891007,
    "agent_1_action_mean": 0.0,
    "agent_2_action_mean": 2.0,
    "agent_3_action_mean": 1.5914000000000001,
    "robustness_noise_level": 0.05,
    "robustness_reward_mean": -296.53677,
    "robustness_damage_prevented_mean": 1.0509240000000006,
    "robustness_reward_delta": -1.248549999999966,
    "robustness_reward_ratio": 1.0042282418514434
  }
}