{
  "seed": 8,
  "method": "lagrangian_ctde",
  "git_commit": "f900e6da8bacaf707dcb6e6cc19fd19113cbca4c",
  "config_hash": "6a0966dadbb08cad",
  "reward": -187.54414000000006,
  "accuracy": null,
  "fairness_metrics": {
    "jain_action_index": 0.9261831518875652,
    "action_balance_std": 0.3939287273381091,
    "agent_1_action_mean": 1.9248000000000003,
    "agent_2_action_mean": 1.2808,
    "agent_3_action_mean": 0.9805000000000001
  },
  "constraint_violations": {
    "mean": 0.009300000000000001,
    "std": 0.01534633506737032
  },
  "damage_metrics": {
    "avg_damage_prevented": 1.295276,
    "avg_damage_after": 2.505534000000001
  },
  "robustness_metrics": {
    "noise_level": 0.05,
    "reward_mean": -194.54044000000005,
    "reward_delta": -6.996299999999991,
    "reward_ratio": 1.0373048180037672
  },
  "raw_metrics": {
    "cumulative_reward_mean": -187.54414000000006,
    "cumulative_reward_std": 76.36076437844505,
    "reward_mean": -187.54414000000006,
    "reward_std": 76.36076437844505,
    "violation_rate_mean": 0.009300000000000001,
    "violation_rate_std": 0.01534633506737032,
    "avg_damage_prevented_mean": 1.295276,
    "avg_damage_prevented_std": 0.304069080019656,
    "avg_damage_after_mean": 2.505534000000001,
    "avg_damage_after_std": 0.45236988012466084,
    "observation_noise_mean": 0.019999999999999997,
    "fairness_action_balance_std": 0.3939287273381091,
    "fairness_jain_action_index": 0.9261831518875652,
    "agent_1_action_mean": 1.9248000000000003,
    "agent_2_action_mean": 1.2808,
    "agent_3_action_mean": 0.9805000000000001,
    "robustness_noise_level": 0.05,
    "robustness_reward_mean": -194.54044000000005,
    "robustness_damage_prevented_mean": 1.3228860000000002,
    "robustness_reward_delta": -6.996299999999991,
    "robustness_reward_ratio": 1.0373048180037672
  }
}