{
  "seed": 7,
  "method": "lagrangian_ctde",
  "git_commit": "5f7c28afd828c1e7bb9ded87073af61aea56a8f2",
  "config_hash": "930a54632a2c1fb3",
  "reward": -292.54722000000004,
  "accuracy": null,
  "fairness_metrics": {
    "jain_action_index": 0.6579630380010792,
    "action_balance_std": 0.8621728055712885,
    "agent_1_action_mean": 0.0,
    "agent_2_action_mean": 2.0,
    "agent_3_action_mean": 1.5874000000000001
  },
  "constraint_violations": {
    "mean": 0.0,
    "std": 0.0
  },
  "damage_metrics": {
    "avg_damage_prevented": 1.0513740000000005,
    "avg_damage_after": 2.7179660000000005
  },
  "robustness_metrics": {
    "noise_level": 0.05,
    "reward_mean": -293.49424,
    "reward_delta": -0.9470199999999522,
    "reward_ratio": 1.0032371526553296
  },
  "raw_metrics": {
    "cumulative_reward_mean": -292.54722000000004,
    "cumulative_reward_std": 200.96963926611303,
    "reward_mean": -292.54722000000004,
    "reward_std": 200.96963926611303,
    "violation_rate_mean": 0.0,
    "violation_rate_std": 0.0,
    "avg_damage_prevented_mean": 1.0513740000000005,
    "avg_damage_prevented_std": 0.12644107925828577,
    "avg_damage_after_mean": 2.7179660000000005,
    "avg_damage_after_std": 1.024073134714509,
    "observation_noise_mean": 0.019999999999999997,
    "fairness_action_balance_std": 0.8621728055712885,
    "fairness_jain_action_index": 0.6579630380010792,
    "agent_1_action_mean": 0.0,
    "agent_2_action_mean": 2.0,
    "agent_3_action_mean": 1.5874000000000001,
    "robustness_noise_level": 0.05,
    "robustness_reward_mean": -293.49424,
    "robustness_damage_prevented_mean": 1.0450440000000005,
    "robustness_reward_delta": -0.9470199999999522,
    "robustness_reward_ratio": 1.0032371526553296
  }
}