{
  "seed": 6,
  "method": "random",
  "git_commit": "76c0c80f1c4d91daef4b2321ecef0f103b35b2e1",
  "config_hash": "cc6ff735de4aa365",
  "reward": -180.29083000000006,
  "accuracy": null,
  "fairness_metrics": {
    "jain_action_index": 0.9999511618537363,
    "action_balance_std": 0.010459551721858102,
    "agent_1_action_mean": 1.4831999999999999,
    "agent_2_action_mean": 1.5087000000000002,
    "agent_3_action_mean": 1.4981
  },
  "constraint_violations": {
    "mean": 0.015,
    "std": 0.015066519173319363
  },
  "damage_metrics": {
    "avg_damage_prevented": 1.177536,
    "avg_damage_after": 1.625924
  },
  "robustness_metrics": {
    "noise_level": 0.05,
    "reward_mean": -175.19638000000003,
    "reward_delta": 5.094450000000023,
    "reward_ratio": 0.9717431552659523
  },
  "raw_metrics": {
    "cumulative_reward_mean": -180.29083000000006,
    "cumulative_reward_std": 152.05789923082293,
    "reward_mean": -180.29083000000006,
    "reward_std": 152.05789923082293,
    "violation_rate_mean": 0.015,
    "violation_rate_std": 0.015066519173319363,
    "avg_damage_prevented_mean": 1.177536,
    "avg_damage_prevented_std": 0.13184266041005108,
    "avg_damage_after_mean": 1.625924,
    "avg_damage_after_std": 1.1576094439075728,
    "observation_noise_mean": 0.019999999999999997,
    "fairness_action_balance_std": 0.010459551721858102,
    "fairness_jain_action_index": 0.9999511618537363,
    "agent_1_action_mean": 1.4831999999999999,
    "agent_2_action_mean": 1.5087000000000002,
    "agent_3_action_mean": 1.4981,
    "robustness_noise_level": 0.05,
    "robustness_reward_mean": -175.19638000000003,
    "robustness_damage_prevented_mean": 1.179096,
    "robustness_reward_delta": 5.094450000000023,
    "robustness_reward_ratio": 0.9717431552659523
  }
}