{
  "seed": 2,
  "method": "random",
  "git_commit": "76c0c80f1c4d91daef4b2321ecef0f103b35b2e1",
  "config_hash": "cc6ff735de4aa365",
  "reward": -181.026,
  "accuracy": null,
  "fairness_metrics": {
    "jain_action_index": 0.9999440202902244,
    "action_balance_std": 0.011198511805890493,
    "agent_1_action_mean": 1.4816999999999998,
    "agent_2_action_mean": 1.5086,
    "agent_3_action_mean": 1.4998000000000002
  },
  "constraint_violations": {
    "mean": 0.0151,
    "std": 0.015296731677060953
  },
  "damage_metrics": {
    "avg_damage_prevented": 1.178956,
    "avg_damage_after": 1.635394
  },
  "robustness_metrics": {
    "noise_level": 0.05,
    "reward_mean": -177.66475000000003,
    "reward_delta": 3.361249999999984,
    "reward_ratio": 0.9814322252594343
  },
  "raw_metrics": {
    "cumulative_reward_mean": -181.026,
    "cumulative_reward_std": 152.01833476880347,
    "reward_mean": -181.026,
    "reward_std": 152.01833476880347,
    "violation_rate_mean": 0.0151,
    "violation_rate_std": 0.015296731677060953,
    "avg_damage_prevented_mean": 1.178956,
    "avg_damage_prevented_std": 0.13101654729079087,
    "avg_damage_after_mean": 1.635394,
    "avg_damage_after_std": 1.1545288140033578,
    "observation_noise_mean": 0.019999999999999997,
    "fairness_action_balance_std": 0.011198511805890493,
    "fairness_jain_action_index": 0.9999440202902244,
    "agent_1_action_mean": 1.4816999999999998,
    "agent_2_action_mean": 1.5086,
    "agent_3_action_mean": 1.4998000000000002,
    "robustness_noise_level": 0.05,
    "robustness_reward_mean": -177.66475000000003,
    "robustness_damage_prevented_mean": 1.1792659999999997,
    "robustness_reward_delta": 3.361249999999984,
    "robustness_reward_ratio": 0.9814322252594343
  }
}