{
  "seed": 3,
  "method": "random",
  "git_commit": "76c0c80f1c4d91daef4b2321ecef0f103b35b2e1",
  "config_hash": "cc6ff735de4aa365",
  "reward": -180.55226000000002,
  "accuracy": null,
  "fairness_metrics": {
    "jain_action_index": 0.9999446269349448,
    "action_balance_std": 0.011135927841400934,
    "agent_1_action_mean": 1.4816,
    "agent_2_action_mean": 1.5084,
    "agent_3_action_mean": 1.4994
  },
  "constraint_violations": {
    "mean": 0.0151,
    "std": 0.015296731677060952
  },
  "damage_metrics": {
    "avg_damage_prevented": 1.179538,
    "avg_damage_after": 1.634762
  },
  "robustness_metrics": {
    "noise_level": 0.05,
    "reward_mean": -178.25899000000004,
    "reward_delta": 2.2932699999999784,
    "reward_ratio": 0.9872985805321574
  },
  "raw_metrics": {
    "cumulative_reward_mean": -180.55226000000002,
    "cumulative_reward_std": 151.91730431301235,
    "reward_mean": -180.55226000000002,
    "reward_std": 151.91730431301235,
    "violation_rate_mean": 0.0151,
    "violation_rate_std": 0.015296731677060952,
    "avg_damage_prevented_mean": 1.179538,
    "avg_damage_prevented_std": 0.1312338255024216,
    "avg_damage_after_mean": 1.634762,
    "avg_damage_after_std": 1.154194998150659,
    "observation_noise_mean": 0.019999999999999997,
    "fairness_action_balance_std": 0.011135927841400934,
    "fairness_jain_action_index": 0.9999446269349448,
    "agent_1_action_mean": 1.4816,
    "agent_2_action_mean": 1.5084,
    "agent_3_action_mean": 1.4994,
    "robustness_noise_level": 0.05,
    "robustness_reward_mean": -178.25899000000004,
    "robustness_damage_prevented_mean": 1.1808139999999998,
    "robustness_reward_delta": 2.2932699999999784,
    "robustness_reward_ratio": 0.9872985805321574
  }
}