{
  "seed": 1,
  "method": "random",
  "git_commit": "76c0c80f1c4d91daef4b2321ecef0f103b35b2e1",
  "config_hash": "cc6ff735de4aa365",
  "reward": -181.2093,
  "accuracy": null,
  "fairness_metrics": {
    "jain_action_index": 0.9999465438964126,
    "action_balance_std": 0.010942678932611624,
    "agent_1_action_mean": 1.4819,
    "agent_2_action_mean": 1.5081,
    "agent_3_action_mean": 1.4999
  },
  "constraint_violations": {
    "mean": 0.0151,
    "std": 0.015296731677060952
  },
  "damage_metrics": {
    "avg_damage_prevented": 1.179734,
    "avg_damage_after": 1.6402960000000002
  },
  "robustness_metrics": {
    "noise_level": 0.05,
    "reward_mean": -177.61785000000003,
    "reward_delta": 3.5914499999999805,
    "reward_ratio": 0.9801806530338224
  },
  "raw_metrics": {
    "cumulative_reward_mean": -181.2093,
    "cumulative_reward_std": 151.89447086642096,
    "reward_mean": -181.2093,
    "reward_std": 151.89447086642096,
    "violation_rate_mean": 0.0151,
    "violation_rate_std": 0.015296731677060952,
    "avg_damage_prevented_mean": 1.179734,
    "avg_damage_prevented_std": 0.13152183257543232,
    "avg_damage_after_mean": 1.6402960000000002,
    "avg_damage_after_std": 1.1512188790946751,
    "observation_noise_mean": 0.019999999999999997,
    "fairness_action_balance_std": 0.010942678932611624,
    "fairness_jain_action_index": 0.9999465438964126,
    "agent_1_action_mean": 1.4819,
    "agent_2_action_mean": 1.5081,
    "agent_3_action_mean": 1.4999,
    "robustness_noise_level": 0.05,
    "robustness_reward_mean": -177.61785000000003,
    "robustness_damage_prevented_mean": 1.1792259999999999,
    "robustness_reward_delta": 3.5914499999999805,
    "robustness_reward_ratio": 0.9801806530338224
  }
}