{
  "seed": 0,
  "method": "random",
  "git_commit": "76c0c80f1c4d91daef4b2321ecef0f103b35b2e1",
  "config_hash": "cc6ff735de4aa365",
  "reward": -183.23828,
  "accuracy": null,
  "fairness_metrics": {
    "jain_action_index": 0.9999473238608263,
    "action_balance_std": 0.010859404526338766,
    "agent_1_action_mean": 1.4819,
    "agent_2_action_mean": 1.5082,
    "agent_3_action_mean": 1.4985000000000002
  },
  "constraint_violations": {
    "mean": 0.0152,
    "std": 0.015263027222671132
  },
  "damage_metrics": {
    "avg_damage_prevented": 1.179498,
    "avg_damage_after": 1.6499720000000002
  },
  "robustness_metrics": {
    "noise_level": 0.05,
    "reward_mean": -177.77681000000004,
    "reward_delta": 5.461469999999963,
    "reward_ratio": 0.9701947104595284
  },
  "raw_metrics": {
    "cumulative_reward_mean": -183.23828,
    "cumulative_reward_std": 154.3482035299459,
    "reward_mean": -183.23828,
    "reward_std": 154.3482035299459,
    "violation_rate_mean": 0.0152,
    "violation_rate_std": 0.015263027222671132,
    "avg_damage_prevented_mean": 1.179498,
    "avg_damage_prevented_std": 0.13136242383573793,
    "avg_damage_after_mean": 1.6499720000000002,
    "avg_damage_after_std": 1.1606982336576548,
    "observation_noise_mean": 0.019999999999999997,
    "fairness_action_balance_std": 0.010859404526338766,
    "fairness_jain_action_index": 0.9999473238608263,
    "agent_1_action_mean": 1.4819,
    "agent_2_action_mean": 1.5082,
    "agent_3_action_mean": 1.4985000000000002,
    "robustness_noise_level": 0.05,
    "robustness_reward_mean": -177.77681000000004,
    "robustness_damage_prevented_mean": 1.180904,
    "robustness_reward_delta": 5.461469999999963,
    "robustness_reward_ratio": 0.9701947104595284
  }
}