{
  "seed": 4,
  "method": "random",
  "git_commit": "76c0c80f1c4d91daef4b2321ecef0f103b35b2e1",
  "config_hash": "cc6ff735de4aa365",
  "reward": -180.45992,
  "accuracy": null,
  "fairness_metrics": {
    "jain_action_index": 0.9999454188842436,
    "action_balance_std": 0.011047875612784485,
    "agent_1_action_mean": 1.4801999999999997,
    "agent_2_action_mean": 1.5062,
    "agent_3_action_mean": 1.4997
  },
  "constraint_violations": {
    "mean": 0.0148,
    "std": 0.01499866660740214
  },
  "damage_metrics": {
    "avg_damage_prevented": 1.1783,
    "avg_damage_after": 1.6329000000000002
  },
  "robustness_metrics": {
    "noise_level": 0.05,
    "reward_mean": -178.19128000000003,
    "reward_delta": 2.2686399999999765,
    "reward_ratio": 0.9874285659102271
  },
  "raw_metrics": {
    "cumulative_reward_mean": -180.45992,
    "cumulative_reward_std": 151.97419274716876,
    "reward_mean": -180.45992,
    "reward_std": 151.97419274716876,
    "violation_rate_mean": 0.0148,
    "violation_rate_std": 0.01499866660740214,
    "avg_damage_prevented_mean": 1.1783,
    "avg_damage_prevented_std": 0.1316136269540508,
    "avg_damage_after_mean": 1.6329000000000002,
    "avg_damage_after_std": 1.155063292984415,
    "observation_noise_mean": 0.019999999999999997,
    "fairness_action_balance_std": 0.011047875612784485,
    "fairness_jain_action_index": 0.9999454188842436,
    "agent_1_action_mean": 1.4801999999999997,
    "agent_2_action_mean": 1.5062,
    "agent_3_action_mean": 1.4997,
    "robustness_noise_level": 0.05,
    "robustness_reward_mean": -178.19128000000003,
    "robustness_damage_prevented_mean": 1.1795359999999997,
    "robustness_reward_delta": 2.2686399999999765,
    "robustness_reward_ratio": 0.9874285659102271
  }
}