{
  "method": "random",
  "git_commit": "76c0c80f1c4d91daef4b2321ecef0f103b35b2e1",
  "seeds": [
    0,
    1,
    2,
    3,
    4,
    5,
    6,
    7,
    8,
    9
  ],
  "summary": {
    "n_runs": 10,
    "reward_mean": -180.86296700000003,
    "reward_std": 0.9195424397497847,
    "reward_ci95": {
      "low": -181.55635017219234,
      "high": -180.1695838278077
    },
    "constraint_mean": 0.014979999999999999,
    "constraint_std": 0.00013266499161421595,
    "constraint_ci95": {
      "low": 0.014879963646322445,
      "high": 0.015080036353677552
    },
    "fairness_mean": 0.9999491813621694,
    "fairness_std": 5.159881847355862e-06,
    "fairness_ci95": {
      "low": 0.9999452905409426,
      "high": 0.9999530721833961
    }
  }
}