{
  "seed": 9,
  "method": "qmix",
  "git_commit": "f900e6da8bacaf707dcb6e6cc19fd19113cbca4c",
  "config_hash": "31f9dcb5683a00c5",
  "reward": -39.91481000000001,
  "accuracy": null,
  "fairness_metrics": {
    "jain_action_index": 0.8593108076260187,
    "action_balance_std": 0.5489848955623055,
    "agent_1_action_mean": 1.2786000000000002,
    "agent_2_action_mean": 0.7269000000000001,
    "agent_3_action_mean": 2.0648
  },
  "constraint_violations": {
    "mean": 0.0254,
    "std": 0.0383515319120371
  },
  "damage_metrics": {
    "avg_damage_prevented": 1.2867819999999996,
    "avg_damage_after": 0.490338
  },
  "robustness_metrics": {
    "noise_level": 0.05,
    "reward_mean": -43.06179000000001,
    "reward_delta": -3.1469799999999992,
    "reward_ratio": 1.07884241490285
  },
  "raw_metrics": {
    "cumulative_reward_mean": -39.91481000000001,
    "cumulative_reward_std": 23.237098712272577,
    "reward_mean": -39.91481000000001,
    "reward_std": 23.237098712272577,
    "violation_rate_mean": 0.0254,
    "violation_rate_std": 0.0383515319120371,
    "avg_damage_prevented_mean": 1.2867819999999996,
    "avg_damage_prevented_std": 0.25595666913757126,
    "avg_damage_after_mean": 0.490338,
    "avg_damage_after_std": 0.32649511138147236,
    "observation_noise_mean": 0.019999999999999997,
    "fairness_action_balance_std": 0.5489848955623055,
    "fairness_jain_action_index": 0.8593108076260187,
    "agent_1_action_mean": 1.2786000000000002,
    "agent_2_action_mean": 0.7269000000000001,
    "agent_3_action_mean": 2.0648,
    "robustness_noise_level": 0.05,
    "robustness_reward_mean": -43.06179000000001,
    "robustness_damage_prevented_mean": 1.2820519999999995,
    "robustness_reward_delta": -3.1469799999999992,
    "robustness_reward_ratio": 1.07884241490285
  }
}