{
  "seed": 2,
  "method": "qmix",
  "git_commit": "f900e6da8bacaf707dcb6e6cc19fd19113cbca4c",
  "config_hash": "31f9dcb5683a00c5",
  "reward": -37.470200000000006,
  "accuracy": null,
  "fairness_metrics": {
    "jain_action_index": 0.7904758930446931,
    "action_balance_std": 0.6925290864328771,
    "agent_1_action_mean": 1.2091,
    "agent_2_action_mean": 0.5732,
    "agent_3_action_mean": 2.2531
  },
  "constraint_violations": {
    "mean": 0.07730000000000001,
    "std": 0.09937157541269033
  },
  "damage_metrics": {
    "avg_damage_prevented": 1.2909499999999996,
    "avg_damage_after": 0.45183999999999996
  },
  "robustness_metrics": {
    "noise_level": 0.05,
    "reward_mean": -38.99459000000001,
    "reward_delta": -1.524390000000004,
    "reward_ratio": 1.0406827294865475
  },
  "raw_metrics": {
    "cumulative_reward_mean": -37.470200000000006,
    "cumulative_reward_std": 21.016647578526886,
    "reward_mean": -37.470200000000006,
    "reward_std": 21.016647578526886,
    "violation_rate_mean": 0.07730000000000001,
    "violation_rate_std": 0.09937157541269033,
    "avg_damage_prevented_mean": 1.2909499999999996,
    "avg_damage_prevented_std": 0.26089142703431273,
    "avg_damage_after_mean": 0.45183999999999996,
    "avg_damage_after_std": 0.26908326146380795,
    "observation_noise_mean": 0.019999999999999997,
    "fairness_action_balance_std": 0.6925290864328771,
    "fairness_jain_action_index": 0.7904758930446931,
    "agent_1_action_mean": 1.2091,
    "agent_2_action_mean": 0.5732,
    "agent_3_action_mean": 2.2531,
    "robustness_noise_level": 0.05,
    "robustness_reward_mean": -38.99459000000001,
    "robustness_damage_prevented_mean": 1.2771779999999997,
    "robustness_reward_delta": -1.524390000000004,
    "robustness_reward_ratio": 1.0406827294865475
  }
}