{
  "seed": 0,
  "method": "qmix",
  "git_commit": "f900e6da8bacaf707dcb6e6cc19fd19113cbca4c",
  "config_hash": "31f9dcb5683a00c5",
  "reward": -39.65035000000001,
  "accuracy": null,
  "fairness_metrics": {
    "jain_action_index": 0.8262678290102432,
    "action_balance_std": 0.6201635984874386,
    "agent_1_action_mean": 1.1358,
    "agent_2_action_mean": 0.7247999999999999,
    "agent_3_action_mean": 2.1968
  },
  "constraint_violations": {
    "mean": 0.04630000000000001,
    "std": 0.08413269281319836
  },
  "damage_metrics": {
    "avg_damage_prevented": 1.2813999999999997,
    "avg_damage_after": 0.49123000000000006
  },
  "robustness_metrics": {
    "noise_level": 0.05,
    "reward_mean": -41.18852000000001,
    "reward_delta": -1.538170000000001,
    "reward_ratio": 1.0387933526535815
  },
  "raw_metrics": {
    "cumulative_reward_mean": -39.65035000000001,
    "cumulative_reward_std": 22.03472336240008,
    "reward_mean": -39.65035000000001,
    "reward_std": 22.03472336240008,
    "violation_rate_mean": 0.04630000000000001,
    "violation_rate_std": 0.08413269281319836,
    "avg_damage_prevented_mean": 1.2813999999999997,
    "avg_damage_prevented_std": 0.2832268546589467,
    "avg_damage_after_mean": 0.49123000000000006,
    "avg_damage_after_std": 0.2985740884604691,
    "observation_noise_mean": 0.019999999999999997,
    "fairness_action_balance_std": 0.6201635984874386,
    "fairness_jain_action_index": 0.8262678290102432,
    "agent_1_action_mean": 1.1358,
    "agent_2_action_mean": 0.7247999999999999,
    "agent_3_action_mean": 2.1968,
    "robustness_noise_level": 0.05,
    "robustness_reward_mean": -41.18852000000001,
    "robustness_damage_prevented_mean": 1.282414,
    "robustness_reward_delta": -1.538170000000001,
    "robustness_reward_ratio": 1.0387933526535815
  }
}