{
  "method": "qmix",
  "git_commit": "f900e6da8bacaf707dcb6e6cc19fd19113cbca4c",
  "seeds": [
    0,
    1,
    2,
    3,
    4,
    5,
    6,
    7,
    8,
    9
  ],
  "summary": {
    "n_runs": 10,
    "reward_mean": -38.83117600000001,
    "reward_std": 2.6897345694108923,
    "reward_ci95": {
      "low": -40.85937677407294,
      "high": -36.802975225927085
    },
    "constraint_mean": 0.03374,
    "constraint_std": 0.02846261407530939,
    "constraint_ci95": {
      "low": 0.01227769789919262,
      "high": 0.05520230210080738
    },
    "fairness_mean": 0.8847552387904118,
    "fairness_std": 0.07912008348575347,
    "fairness_ci95": {
      "low": 0.8250945509309154,
      "high": 0.9444159266499083
    }
  }
}