{
  "seed": 8,
  "method": "lagrangian_ctde",
  "git_commit": "f900e6da8bacaf707dcb6e6cc19fd19113cbca4c",
  "config_hash": "a3965bf7d71d21fb",
  "reward": -249.0420000000001,
  "accuracy": null,
  "fairness_metrics": {
    "jain_action_index": 0.9166209148240273,
    "action_balance_std": 0.4825626038833372,
    "agent_1_action_mean": 2.21,
    "agent_2_action_mean": 1.56,
    "agent_3_action_mean": 1.03
  },
  "constraint_violations": {
    "mean": 0.0,
    "std": 0.0
  },
  "damage_metrics": {
    "avg_damage_prevented": 1.4674,
    "avg_damage_after": 2.771600000000001
  },
  "robustness_metrics": {
    "noise_level": 0.05,
    "reward_mean": -182.0730000000001,
    "reward_delta": 66.969,
    "reward_ratio": 0.7310935505148166
  },
  "raw_metrics": {
    "cumulative_reward_mean": -249.0420000000001,
    "cumulative_reward_std": 65.43200000000003,
    "reward_mean": -249.0420000000001,
    "reward_std": 65.43200000000003,
    "violation_rate_mean": 0.0,
    "violation_rate_std": 0.0,
    "avg_damage_prevented_mean": 1.4674,
    "avg_damage_prevented_std": 0.10459999999999992,
    "avg_damage_after_mean": 2.771600000000001,
    "avg_damage_after_std": 0.025599999999999845,
    "observation_noise_mean": 0.02,
    "fairness_action_balance_std": 0.4825626038833372,
    "fairness_jain_action_index": 0.9166209148240273,
    "agent_1_action_mean": 2.21,
    "agent_2_action_mean": 1.56,
    "agent_3_action_mean": 1.03,
    "robustness_noise_level": 0.05,
    "robustness_reward_mean": -182.0730000000001,
    "robustness_damage_prevented_mean": 1.2648000000000001,
    "robustness_reward_delta": 66.969,
    "robustness_reward_ratio": 0.7310935505148166
  }
}