{
  "seed": 2,
  "method": "lagrangian_ctde",
  "git_commit": "f900e6da8bacaf707dcb6e6cc19fd19113cbca4c",
  "config_hash": "a3965bf7d71d21fb",
  "reward": -223.57000000000008,
  "accuracy": null,
  "fairness_metrics": {
    "jain_action_index": 0.9123894083105022,
    "action_balance_std": 0.4276291227999639,
    "agent_1_action_mean": 1.9699999999999998,
    "agent_2_action_mean": 1.2,
    "agent_3_action_mean": 0.97
  },
  "constraint_violations": {
    "mean": 0.0,
    "std": 0.0
  },
  "damage_metrics": {
    "avg_damage_prevented": 1.2782,
    "avg_damage_after": 2.6728000000000005
  },
  "robustness_metrics": {
    "noise_level": 0.05,
    "reward_mean": -200.419,
    "reward_delta": 23.151000000000067,
    "reward_ratio": 0.8964485396473786
  },
  "raw_metrics": {
    "cumulative_reward_mean": -223.57000000000008,
    "cumulative_reward_std": 89.82400000000004,
    "reward_mean": -223.57000000000008,
    "reward_std": 89.82400000000004,
    "violation_rate_mean": 0.0,
    "violation_rate_std": 0.0,
    "avg_damage_prevented_mean": 1.2782,
    "avg_damage_prevented_std": 0.22660000000000002,
    "avg_damage_after_mean": 2.6728000000000005,
    "avg_damage_after_std": 0.23640000000000017,
    "observation_noise_mean": 0.02,
    "fairness_action_balance_std": 0.4276291227999639,
    "fairness_jain_action_index": 0.9123894083105022,
    "agent_1_action_mean": 1.9699999999999998,
    "agent_2_action_mean": 1.2,
    "agent_3_action_mean": 0.97,
    "robustness_noise_level": 0.05,
    "robustness_reward_mean": -200.419,
    "robustness_damage_prevented_mean": 1.2856,
    "robustness_reward_delta": 23.151000000000067,
    "robustness_reward_ratio": 0.8964485396473786
  }
}