{
  "seed": 7,
  "method": "lagrangian_ctde",
  "git_commit": "f900e6da8bacaf707dcb6e6cc19fd19113cbca4c",
  "config_hash": "a3965bf7d71d21fb",
  "reward": -225.95100000000008,
  "accuracy": null,
  "fairness_metrics": {
    "jain_action_index": 0.8947634115844232,
    "action_balance_std": 0.4812714641678045,
    "agent_1_action_mean": 2.0300000000000002,
    "agent_2_action_mean": 1.3199999999999998,
    "agent_3_action_mean": 0.8600000000000001
  },
  "constraint_violations": {
    "mean": 0.0,
    "std": 0.0
  },
  "damage_metrics": {
    "avg_damage_prevented": 1.2838000000000003,
    "avg_damage_after": 2.5062000000000006
  },
  "robustness_metrics": {
    "noise_level": 0.05,
    "reward_mean": -168.71800000000007,
    "reward_delta": 57.233000000000004,
    "reward_ratio": 0.7467017185472383
  },
  "raw_metrics": {
    "cumulative_reward_mean": -225.95100000000008,
    "cumulative_reward_std": 88.52300000000004,
    "reward_mean": -225.95100000000008,
    "reward_std": 88.52300000000004,
    "violation_rate_mean": 0.0,
    "violation_rate_std": 0.0,
    "avg_damage_prevented_mean": 1.2838000000000003,
    "avg_damage_prevented_std": 0.07900000000000007,
    "avg_damage_after_mean": 2.5062000000000006,
    "avg_damage_after_std": 0.29100000000000037,
    "observation_noise_mean": 0.02,
    "fairness_action_balance_std": 0.4812714641678045,
    "fairness_jain_action_index": 0.8947634115844232,
    "agent_1_action_mean": 2.0300000000000002,
    "agent_2_action_mean": 1.3199999999999998,
    "agent_3_action_mean": 0.8600000000000001,
    "robustness_noise_level": 0.05,
    "robustness_reward_mean": -168.71800000000007,
    "robustness_damage_prevented_mean": 1.2664000000000004,
    "robustness_reward_delta": 57.233000000000004,
    "robustness_reward_ratio": 0.7467017185472383
  }
}