{
  "seed": 4,
  "method": "lagrangian_ctde",
  "git_commit": "f900e6da8bacaf707dcb6e6cc19fd19113cbca4c",
  "config_hash": "a3965bf7d71d21fb",
  "reward": -116.97300000000003,
  "accuracy": null,
  "fairness_metrics": {
    "jain_action_index": 0.893477149864689,
    "action_balance_std": 0.4224005471376927,
    "agent_1_action_mean": 1.8199999999999998,
    "agent_2_action_mean": 0.95,
    "agent_3_action_mean": 0.9
  },
  "constraint_violations": {
    "mean": 0.01,
    "std": 0.01
  },
  "damage_metrics": {
    "avg_damage_prevented": 1.1560000000000001,
    "avg_damage_after": 2.043
  },
  "robustness_metrics": {
    "noise_level": 0.05,
    "reward_mean": -117.67600000000002,
    "reward_delta": -0.7029999999999887,
    "reward_ratio": 1.0060099340023774
  },
  "raw_metrics": {
    "cumulative_reward_mean": -116.97300000000003,
    "cumulative_reward_std": 10.121000000000038,
    "reward_mean": -116.97300000000003,
    "reward_std": 10.121000000000038,
    "violation_rate_mean": 0.01,
    "violation_rate_std": 0.01,
    "avg_damage_prevented_mean": 1.1560000000000001,
    "avg_damage_prevented_std": 0.02640000000000009,
    "avg_damage_after_mean": 2.043,
    "avg_damage_after_std": 0.07459999999999944,
    "observation_noise_mean": 0.02,
    "fairness_action_balance_std": 0.4224005471376927,
    "fairness_jain_action_index": 0.893477149864689,
    "agent_1_action_mean": 1.8199999999999998,
    "agent_2_action_mean": 0.95,
    "agent_3_action_mean": 0.9,
    "robustness_noise_level": 0.05,
    "robustness_reward_mean": -117.67600000000002,
    "robustness_damage_prevented_mean": 1.0764,
    "robustness_reward_delta": -0.7029999999999887,
    "robustness_reward_ratio": 1.0060099340023774
  }
}