{
  "seed": 6,
  "method": "lagrangian_ctde",
  "git_commit": "f900e6da8bacaf707dcb6e6cc19fd19113cbca4c",
  "config_hash": "a3965bf7d71d21fb",
  "reward": -199.69200000000006,
  "accuracy": null,
  "fairness_metrics": {
    "jain_action_index": 0.9122336525647424,
    "action_balance_std": 0.4394188080736745,
    "agent_1_action_mean": 2.01,
    "agent_2_action_mean": 1.2799999999999998,
    "agent_3_action_mean": 0.9600000000000001
  },
  "constraint_violations": {
    "mean": 0.0,
    "std": 0.0
  },
  "damage_metrics": {
    "avg_damage_prevented": 1.3132000000000001,
    "avg_damage_after": 2.5068000000000006
  },
  "robustness_metrics": {
    "noise_level": 0.05,
    "reward_mean": -183.161,
    "reward_delta": 16.531000000000063,
    "reward_ratio": 0.9172175150189898
  },
  "raw_metrics": {
    "cumulative_reward_mean": -199.69200000000006,
    "cumulative_reward_std": 62.264000000000024,
    "reward_mean": -199.69200000000006,
    "reward_std": 62.264000000000024,
    "violation_rate_mean": 0.0,
    "violation_rate_std": 0.0,
    "avg_damage_prevented_mean": 1.3132000000000001,
    "avg_damage_prevented_std": 0.10839999999999994,
    "avg_damage_after_mean": 2.5068000000000006,
    "avg_damage_after_std": 0.2916000000000003,
    "observation_noise_mean": 0.02,
    "fairness_action_balance_std": 0.4394188080736745,
    "fairness_jain_action_index": 0.9122336525647424,
    "agent_1_action_mean": 2.01,
    "agent_2_action_mean": 1.2799999999999998,
    "agent_3_action_mean": 0.9600000000000001,
    "robustness_noise_level": 0.05,
    "robustness_reward_mean": -183.161,
    "robustness_damage_prevented_mean": 1.336,
    "robustness_reward_delta": 16.531000000000063,
    "robustness_reward_ratio": 0.9172175150189898
  }
}