{
  "seed": 6,
  "method": "cpo",
  "git_commit": "f900e6da8bacaf707dcb6e6cc19fd19113cbca4c",
  "config_hash": "bce1b69a5865fbea",
  "reward": -655.9879000000001,
  "accuracy": null,
  "fairness_metrics": {
    "jain_action_index": 0.6647174267951409,
    "action_balance_std": 0.5425296366712759,
    "agent_1_action_mean": 1.0837999999999999,
    "agent_2_action_mean": 1.2079,
    "agent_3_action_mean": 0.0
  },
  "constraint_violations": {
    "mean": 0.0,
    "std": 0.0
  },
  "damage_metrics": {
    "avg_damage_prevented": 0.5858199999999997,
    "avg_damage_after": 4.093659999999999
  },
  "robustness_metrics": {
    "noise_level": 0.05,
    "reward_mean": -708.2331700000001,
    "reward_delta": -52.245270000000005,
    "reward_ratio": 1.079643648931324
  },
  "raw_metrics": {
    "cumulative_reward_mean": -655.9879000000001,
    "cumulative_reward_std": 309.9599738820966,
    "reward_mean": -655.9879000000001,
    "reward_std": 309.9599738820966,
    "violation_rate_mean": 0.0,
    "violation_rate_std": 0.0,
    "avg_damage_prevented_mean": 0.5858199999999997,
    "avg_damage_prevented_std": 0.07166956118185745,
    "avg_damage_after_mean": 4.093659999999999,
    "avg_damage_after_std": 1.2506114643645314,
    "observation_noise_mean": 0.019999999999999997,
    "fairness_action_balance_std": 0.5425296366712759,
    "fairness_jain_action_index": 0.6647174267951409,
    "agent_1_action_mean": 1.0837999999999999,
    "agent_2_action_mean": 1.2079,
    "agent_3_action_mean": 0.0,
    "robustness_noise_level": 0.05,
    "robustness_reward_mean": -708.2331700000001,
    "robustness_damage_prevented_mean": 0.5690439999999997,
    "robustness_reward_delta": -52.245270000000005,
    "robustness_reward_ratio": 1.079643648931324
  }
}