{
  "seed": 7,
  "method": "cpo",
  "git_commit": "f900e6da8bacaf707dcb6e6cc19fd19113cbca4c",
  "config_hash": "bce1b69a5865fbea",
  "reward": -718.4049900000001,
  "accuracy": null,
  "fairness_metrics": {
    "jain_action_index": 0.8847466392303192,
    "action_balance_std": 0.37166885201151245,
    "agent_1_action_mean": 1.5524,
    "agent_2_action_mean": 0.8169000000000001,
    "agent_3_action_mean": 0.72
  },
  "constraint_violations": {
    "mean": 0.239,
    "std": 0.32606594425054575
  },
  "damage_metrics": {
    "avg_damage_prevented": 0.5100540000000003,
    "avg_damage_after": 3.746776000000001
  },
  "robustness_metrics": {
    "noise_level": 0.05,
    "reward_mean": -794.30339,
    "reward_delta": -75.89839999999992,
    "reward_ratio": 1.1056484866719207
  },
  "raw_metrics": {
    "cumulative_reward_mean": -718.4049900000001,
    "cumulative_reward_std": 390.8729687903731,
    "reward_mean": -718.4049900000001,
    "reward_std": 390.8729687903731,
    "violation_rate_mean": 0.239,
    "violation_rate_std": 0.32606594425054575,
    "avg_damage_prevented_mean": 0.5100540000000003,
    "avg_damage_prevented_std": 0.3002952538486079,
    "avg_damage_after_mean": 3.746776000000001,
    "avg_damage_after_std": 2.0886965993710054,
    "observation_noise_mean": 0.019999999999999997,
    "fairness_action_balance_std": 0.37166885201151245,
    "fairness_jain_action_index": 0.8847466392303192,
    "agent_1_action_mean": 1.5524,
    "agent_2_action_mean": 0.8169000000000001,
    "agent_3_action_mean": 0.72,
    "robustness_noise_level": 0.05,
    "robustness_reward_mean": -794.30339,
    "robustness_damage_prevented_mean": 0.43534600000000034,
    "robustness_reward_delta": -75.89839999999992,
    "robustness_reward_ratio": 1.1056484866719207
  }
}