{
  "seed": 3,
  "method": "ippo",
  "git_commit": "f900e6da8bacaf707dcb6e6cc19fd19113cbca4c",
  "config_hash": "983b1f1335ffea2a",
  "reward": -573.98913,
  "accuracy": null,
  "fairness_metrics": {
    "jain_action_index": 0.6014053941206424,
    "action_balance_std": 0.7573104441963605,
    "agent_1_action_mean": 0.9357,
    "agent_2_action_mean": 1.855,
    "agent_3_action_mean": 0.0
  },
  "constraint_violations": {
    "mean": 0.0,
    "std": 0.0
  },
  "damage_metrics": {
    "avg_damage_prevented": 0.7071959999999994,
    "avg_damage_after": 4.011424000000001
  },
  "robustness_metrics": {
    "noise_level": 0.05,
    "reward_mean": -585.32869,
    "reward_delta": -11.339560000000006,
    "reward_ratio": 1.0197557051475827
  },
  "raw_metrics": {
    "cumulative_reward_mean": -573.98913,
    "cumulative_reward_std": 245.82750283168704,
    "reward_mean": -573.98913,
    "reward_std": 245.82750283168704,
    "violation_rate_mean": 0.0,
    "violation_rate_std": 0.0,
    "avg_damage_prevented_mean": 0.7071959999999994,
    "avg_damage_prevented_std": 0.07099334042007026,
    "avg_damage_after_mean": 4.011424000000001,
    "avg_damage_after_std": 0.7843633552276655,
    "observation_noise_mean": 0.019999999999999997,
    "fairness_action_balance_std": 0.7573104441963605,
    "fairness_jain_action_index": 0.6014053941206424,
    "agent_1_action_mean": 0.9357,
    "agent_2_action_mean": 1.855,
    "agent_3_action_mean": 0.0,
    "robustness_noise_level": 0.05,
    "robustness_reward_mean": -585.32869,
    "robustness_damage_prevented_mean": 0.7115599999999995,
    "robustness_reward_delta": -11.339560000000006,
    "robustness_reward_ratio": 1.0197557051475827
  }
}