{
  "seed": 8,
  "method": "ippo",
  "git_commit": "f900e6da8bacaf707dcb6e6cc19fd19113cbca4c",
  "config_hash": "983b1f1335ffea2a",
  "reward": -864.0296300000002,
  "accuracy": null,
  "fairness_metrics": {
    "jain_action_index": 0.40076237972982826,
    "action_balance_std": 0.4492573724121472,
    "agent_1_action_mean": 1.0,
    "agent_2_action_mean": 0.10220000000000001,
    "agent_3_action_mean": 0.0
  },
  "constraint_violations": {
    "mean": 0.0,
    "std": 0.0
  },
  "damage_metrics": {
    "avg_damage_prevented": 0.3045280000000004,
    "avg_damage_after": 4.8700220000000005
  },
  "robustness_metrics": {
    "noise_level": 0.05,
    "reward_mean": -910.4291600000001,
    "reward_delta": -46.39952999999991,
    "reward_ratio": 1.0537013181024093
  },
  "raw_metrics": {
    "cumulative_reward_mean": -864.0296300000002,
    "cumulative_reward_std": 278.5641275619011,
    "reward_mean": -864.0296300000002,
    "reward_std": 278.5641275619011,
    "violation_rate_mean": 0.0,
    "violation_rate_std": 0.0,
    "avg_damage_prevented_mean": 0.3045280000000004,
    "avg_damage_prevented_std": 0.029794006377122144,
    "avg_damage_after_mean": 4.8700220000000005,
    "avg_damage_after_std": 0.8197106301104072,
    "observation_noise_mean": 0.019999999999999997,
    "fairness_action_balance_std": 0.4492573724121472,
    "fairness_jain_action_index": 0.40076237972982826,
    "agent_1_action_mean": 1.0,
    "agent_2_action_mean": 0.10220000000000001,
    "agent_3_action_mean": 0.0,
    "robustness_noise_level": 0.05,
    "robustness_reward_mean": -910.4291600000001,
    "robustness_damage_prevented_mean": 0.3021040000000004,
    "robustness_reward_delta": -46.39952999999991,
    "robustness_reward_ratio": 1.0537013181024093
  }
}