{
  "seed": 6,
  "method": "ippo",
  "git_commit": "f900e6da8bacaf707dcb6e6cc19fd19113cbca4c",
  "config_hash": "983b1f1335ffea2a",
  "reward": -656.48142,
  "accuracy": null,
  "fairness_metrics": {
    "jain_action_index": 0.35394692056496774,
    "action_balance_std": 0.9285630009141365,
    "agent_1_action_mean": 2.0,
    "agent_2_action_mean": 0.0619,
    "agent_3_action_mean": 0.0
  },
  "constraint_violations": {
    "mean": 0.0,
    "std": 0.0
  },
  "damage_metrics": {
    "avg_damage_prevented": 0.5748559999999995,
    "avg_damage_after": 4.192343999999999
  },
  "robustness_metrics": {
    "noise_level": 0.05,
    "reward_mean": -702.6463500000001,
    "reward_delta": -46.16493000000014,
    "reward_ratio": 1.0703217617502463
  },
  "raw_metrics": {
    "cumulative_reward_mean": -656.48142,
    "cumulative_reward_std": 285.0075390532391,
    "reward_mean": -656.48142,
    "reward_std": 285.0075390532391,
    "violation_rate_mean": 0.0,
    "violation_rate_std": 0.0,
    "avg_damage_prevented_mean": 0.5748559999999995,
    "avg_damage_prevented_std": 0.03123910472468773,
    "avg_damage_after_mean": 4.192343999999999,
    "avg_damage_after_std": 1.0455760823890337,
    "observation_noise_mean": 0.019999999999999997,
    "fairness_action_balance_std": 0.9285630009141365,
    "fairness_jain_action_index": 0.35394692056496774,
    "agent_1_action_mean": 2.0,
    "agent_2_action_mean": 0.0619,
    "agent_3_action_mean": 0.0,
    "robustness_noise_level": 0.05,
    "robustness_reward_mean": -702.6463500000001,
    "robustness_damage_prevented_mean": 0.5708719999999995,
    "robustness_reward_delta": -46.16493000000014,
    "robustness_reward_ratio": 1.0703217617502463
  }
}