{
  "seed": 7,
  "method": "ippo",
  "git_commit": "f900e6da8bacaf707dcb6e6cc19fd19113cbca4c",
  "config_hash": "983b1f1335ffea2a",
  "reward": -793.7812900000001,
  "accuracy": null,
  "fairness_metrics": {
    "jain_action_index": 0.6151760206963962,
    "action_balance_std": 0.35931396670136084,
    "agent_1_action_mean": 0.94,
    "agent_2_action_mean": 0.3408,
    "agent_3_action_mean": 0.0821
  },
  "constraint_violations": {
    "mean": 0.0,
    "std": 0.0
  },
  "damage_metrics": {
    "avg_damage_prevented": 0.35794600000000043,
    "avg_damage_after": 4.540974
  },
  "robustness_metrics": {
    "noise_level": 0.05,
    "reward_mean": -840.97777,
    "reward_delta": -47.19647999999984,
    "reward_ratio": 1.0594577884427012
  },
  "raw_metrics": {
    "cumulative_reward_mean": -793.7812900000001,
    "cumulative_reward_std": 326.50294113902856,
    "reward_mean": -793.7812900000001,
    "reward_std": 326.50294113902856,
    "violation_rate_mean": 0.0,
    "violation_rate_std": 0.0,
    "avg_damage_prevented_mean": 0.35794600000000043,
    "avg_damage_prevented_std": 0.1006772957721849,
    "avg_damage_after_mean": 4.540974,
    "avg_damage_after_std": 1.1534827905625646,
    "observation_noise_mean": 0.019999999999999997,
    "fairness_action_balance_std": 0.35931396670136084,
    "fairness_jain_action_index": 0.6151760206963962,
    "agent_1_action_mean": 0.94,
    "agent_2_action_mean": 0.3408,
    "agent_3_action_mean": 0.0821,
    "robustness_noise_level": 0.05,
    "robustness_reward_mean": -840.97777,
    "robustness_damage_prevented_mean": 0.3404560000000004,
    "robustness_reward_delta": -47.19647999999984,
    "robustness_reward_ratio": 1.0594577884427012
  }
}