{
  "seed": 0,
  "method": "ippo",
  "git_commit": "f900e6da8bacaf707dcb6e6cc19fd19113cbca4c",
  "config_hash": "983b1f1335ffea2a",
  "reward": -626.90547,
  "accuracy": null,
  "fairness_metrics": {
    "jain_action_index": 0.33333333318672953,
    "action_balance_std": 1.2977766457377102,
    "agent_1_action_mean": 0.0,
    "agent_2_action_mean": 2.753,
    "agent_3_action_mean": 0.0
  },
  "constraint_violations": {
    "mean": 0.0,
    "std": 0.0
  },
  "damage_metrics": {
    "avg_damage_prevented": 0.6607199999999993,
    "avg_damage_after": 4.17569
  },
  "robustness_metrics": {
    "noise_level": 0.05,
    "reward_mean": -651.1656400000002,
    "reward_delta": -24.26017000000013,
    "reward_ratio": 1.0386982905259816
  },
  "raw_metrics": {
    "cumulative_reward_mean": -626.90547,
    "cumulative_reward_std": 262.709971669328,
    "reward_mean": -626.90547,
    "reward_std": 262.709971669328,
    "violation_rate_mean": 0.0,
    "violation_rate_std": 0.0,
    "avg_damage_prevented_mean": 0.6607199999999993,
    "avg_damage_prevented_std": 0.047638035223967735,
    "avg_damage_after_mean": 4.17569,
    "avg_damage_after_std": 0.866197705319057,
    "observation_noise_mean": 0.019999999999999997,
    "fairness_action_balance_std": 1.2977766457377102,
    "fairness_jain_action_index": 0.33333333318672953,
    "agent_1_action_mean": 0.0,
    "agent_2_action_mean": 2.753,
    "agent_3_action_mean": 0.0,
    "robustness_noise_level": 0.05,
    "robustness_reward_mean": -651.1656400000002,
    "robustness_damage_prevented_mean": 0.6646079999999993,
    "robustness_reward_delta": -24.26017000000013,
    "robustness_reward_ratio": 1.0386982905259816
  }
}