{
  "seed": 8,
  "method": "dqn",
  "git_commit": "f900e6da8bacaf707dcb6e6cc19fd19113cbca4c",
  "config_hash": "46dc36057b422bc8",
  "reward": -51.822050000000026,
  "accuracy": null,
  "fairness_metrics": {
    "jain_action_index": 0.8821085560020017,
    "action_balance_std": 0.5348163319204912,
    "agent_1_action_mean": 2.1878,
    "agent_2_action_mean": 0.9135,
    "agent_3_action_mean": 1.2875
  },
  "constraint_violations": {
    "mean": 0.0017000000000000001,
    "std": 0.007149125820686051
  },
  "damage_metrics": {
    "avg_damage_prevented": 1.25757,
    "avg_damage_after": 0.5229200000000002
  },
  "robustness_metrics": {
    "noise_level": 0.05,
    "reward_mean": -54.384730000000026,
    "reward_delta": -2.5626800000000003,
    "reward_ratio": 1.0494515367588606
  },
  "raw_metrics": {
    "cumulative_reward_mean": -51.822050000000026,
    "cumulative_reward_std": 19.634984131837232,
    "reward_mean": -51.822050000000026,
    "reward_std": 19.634984131837232,
    "violation_rate_mean": 0.0017000000000000001,
    "violation_rate_std": 0.007149125820686051,
    "avg_damage_prevented_mean": 1.25757,
    "avg_damage_prevented_std": 0.21771023287847555,
    "avg_damage_after_mean": 0.5229200000000002,
    "avg_damage_after_std": 0.2964714488783026,
    "observation_noise_mean": 0.019999999999999997,
    "fairness_action_balance_std": 0.5348163319204912,
    "fairness_jain_action_index": 0.8821085560020017,
    "agent_1_action_mean": 2.1878,
    "agent_2_action_mean": 0.9135,
    "agent_3_action_mean": 1.2875,
    "robustness_noise_level": 0.05,
    "robustness_reward_mean": -54.384730000000026,
    "robustness_damage_prevented_mean": 1.264476,
    "robustness_reward_delta": -2.5626800000000003,
    "robustness_reward_ratio": 1.0494515367588606
  }
}