{
  "seed": 7,
  "method": "dqn",
  "git_commit": "f900e6da8bacaf707dcb6e6cc19fd19113cbca4c",
  "config_hash": "46dc36057b422bc8",
  "reward": -50.21841000000005,
  "accuracy": null,
  "fairness_metrics": {
    "jain_action_index": 0.966151567245043,
    "action_balance_std": 0.2839312162400527,
    "agent_1_action_mean": 1.6635000000000002,
    "agent_2_action_mean": 1.7674,
    "agent_3_action_mean": 1.1199000000000001
  },
  "constraint_violations": {
    "mean": 0.0,
    "std": 0.0
  },
  "damage_metrics": {
    "avg_damage_prevented": 1.2681119999999995,
    "avg_damage_after": 0.4023580000000001
  },
  "robustness_metrics": {
    "noise_level": 0.05,
    "reward_mean": -49.10828000000005,
    "reward_delta": 1.110129999999998,
    "reward_ratio": 0.9778939637829821
  },
  "raw_metrics": {
    "cumulative_reward_mean": -50.21841000000005,
    "cumulative_reward_std": 18.74429558377428,
    "reward_mean": -50.21841000000005,
    "reward_std": 18.74429558377428,
    "violation_rate_mean": 0.0,
    "violation_rate_std": 0.0,
    "avg_damage_prevented_mean": 1.2681119999999995,
    "avg_damage_prevented_std": 0.2391879467197294,
    "avg_damage_after_mean": 0.4023580000000001,
    "avg_damage_after_std": 0.2733952052176483,
    "observation_noise_mean": 0.019999999999999997,
    "fairness_action_balance_std": 0.2839312162400527,
    "fairness_jain_action_index": 0.966151567245043,
    "agent_1_action_mean": 1.6635000000000002,
    "agent_2_action_mean": 1.7674,
    "agent_3_action_mean": 1.1199000000000001,
    "robustness_noise_level": 0.05,
    "robustness_reward_mean": -49.10828000000005,
    "robustness_damage_prevented_mean": 1.2609359999999996,
    "robustness_reward_delta": 1.110129999999998,
    "robustness_reward_ratio": 0.9778939637829821
  }
}