{
  "seed": 2,
  "method": "dqn",
  "git_commit": "f900e6da8bacaf707dcb6e6cc19fd19113cbca4c",
  "config_hash": "46dc36057b422bc8",
  "reward": -40.55450000000002,
  "accuracy": null,
  "fairness_metrics": {
    "jain_action_index": 0.9899861756222924,
    "action_balance_std": 0.14197686039946397,
    "agent_1_action_mean": 1.2241,
    "agent_2_action_mean": 1.4434,
    "agent_3_action_mean": 1.5675
  },
  "constraint_violations": {
    "mean": 0.0015000000000000002,
    "std": 0.009785192895390463
  },
  "damage_metrics": {
    "avg_damage_prevented": 1.2520999999999995,
    "avg_damage_after": 0.35233000000000003
  },
  "robustness_metrics": {
    "noise_level": 0.05,
    "reward_mean": -40.823900000000016,
    "reward_delta": -0.2693999999999974,
    "reward_ratio": 1.006642912871973
  },
  "raw_metrics": {
    "cumulative_reward_mean": -40.55450000000002,
    "cumulative_reward_std": 19.9043188687782,
    "reward_mean": -40.55450000000002,
    "reward_std": 19.9043188687782,
    "violation_rate_mean": 0.0015000000000000002,
    "violation_rate_std": 0.009785192895390463,
    "avg_damage_prevented_mean": 1.2520999999999995,
    "avg_damage_prevented_std": 0.2124162357259918,
    "avg_damage_after_mean": 0.35233000000000003,
    "avg_damage_after_std": 0.28616095173870243,
    "observation_noise_mean": 0.019999999999999997,
    "fairness_action_balance_std": 0.14197686039946397,
    "fairness_jain_action_index": 0.9899861756222924,
    "agent_1_action_mean": 1.2241,
    "agent_2_action_mean": 1.4434,
    "agent_3_action_mean": 1.5675,
    "robustness_noise_level": 0.05,
    "robustness_reward_mean": -40.823900000000016,
    "robustness_damage_prevented_mean": 1.2423699999999995,
    "robustness_reward_delta": -0.2693999999999974,
    "robustness_reward_ratio": 1.006642912871973
  }
}