{
  "seed": 4,
  "method": "ippo",
  "git_commit": "f900e6da8bacaf707dcb6e6cc19fd19113cbca4c",
  "config_hash": "983b1f1335ffea2a",
  "reward": -1149.04124,
  "accuracy": null,
  "fairness_metrics": {
    "jain_action_index": 0.333275951110346,
    "action_balance_std": 0.0020741798914805398,
    "agent_1_action_mean": 0.0044,
    "agent_2_action_mean": 0.0,
    "agent_3_action_mean": 0.0
  },
  "constraint_violations": {
    "mean": 0.0,
    "std": 0.0
  },
  "damage_metrics": {
    "avg_damage_prevented": 0.0012319999999999996,
    "avg_damage_after": 5.665108
  },
  "robustness_metrics": {
    "noise_level": 0.05,
    "reward_mean": -1161.21536,
    "reward_delta": -12.174119999999903,
    "reward_ratio": 1.0105950244310689
  },
  "raw_metrics": {
    "cumulative_reward_mean": -1149.04124,
    "cumulative_reward_std": 193.70918785422234,
    "reward_mean": -1149.04124,
    "reward_std": 193.70918785422234,
    "violation_rate_mean": 0.0,
    "violation_rate_std": 0.0,
    "avg_damage_prevented_mean": 0.0012319999999999996,
    "avg_damage_prevented_std": 0.007823181961324942,
    "avg_damage_after_mean": 5.665108,
    "avg_damage_after_std": 0.49548443803615067,
    "observation_noise_mean": 0.019999999999999997,
    "fairness_action_balance_std": 0.0020741798914805398,
    "fairness_jain_action_index": 0.333275951110346,
    "agent_1_action_mean": 0.0044,
    "agent_2_action_mean": 0.0,
    "agent_3_action_mean": 0.0,
    "robustness_noise_level": 0.05,
    "robustness_reward_mean": -1161.21536,
    "robustness_damage_prevented_mean": 0.001372,
    "robustness_reward_delta": -12.174119999999903,
    "robustness_reward_ratio": 1.0105950244310689
  }
}