{
  "seed": 1,
  "method": "ippo",
  "git_commit": "f900e6da8bacaf707dcb6e6cc19fd19113cbca4c",
  "config_hash": "983b1f1335ffea2a",
  "reward": -956.5635200000002,
  "accuracy": null,
  "fairness_metrics": {
    "jain_action_index": 0.3333333322222222,
    "action_balance_std": 0.4714045207910317,
    "agent_1_action_mean": 0.0,
    "agent_2_action_mean": 1.0,
    "agent_3_action_mean": 0.0
  },
  "constraint_violations": {
    "mean": 0.0,
    "std": 0.0
  },
  "damage_metrics": {
    "avg_damage_prevented": 0.2400000000000002,
    "avg_damage_after": 5.163719999999999
  },
  "robustness_metrics": {
    "noise_level": 0.05,
    "reward_mean": -971.7550200000001,
    "reward_delta": -15.191499999999905,
    "reward_ratio": 1.0158813290414406
  },
  "raw_metrics": {
    "cumulative_reward_mean": -956.5635200000002,
    "cumulative_reward_std": 224.6705719847831,
    "reward_mean": -956.5635200000002,
    "reward_std": 224.6705719847831,
    "violation_rate_mean": 0.0,
    "violation_rate_std": 0.0,
    "avg_damage_prevented_mean": 0.2400000000000002,
    "avg_damage_prevented_std": 3.510833468576701e-17,
    "avg_damage_after_mean": 5.163719999999999,
    "avg_damage_after_std": 0.5780075791890614,
    "observation_noise_mean": 0.019999999999999997,
    "fairness_action_balance_std": 0.4714045207910317,
    "fairness_jain_action_index": 0.3333333322222222,
    "agent_1_action_mean": 0.0,
    "agent_2_action_mean": 1.0,
    "agent_3_action_mean": 0.0,
    "robustness_noise_level": 0.05,
    "robustness_reward_mean": -971.7550200000001,
    "robustness_damage_prevented_mean": 0.2400000000000002,
    "robustness_reward_delta": -15.191499999999905,
    "robustness_reward_ratio": 1.0158813290414406
  }
}