{
  "seed": 0,
  "method": "cpo",
  "git_commit": "f900e6da8bacaf707dcb6e6cc19fd19113cbca4c",
  "config_hash": "bce1b69a5865fbea",
  "reward": -910.5805500000002,
  "accuracy": null,
  "fairness_metrics": {
    "jain_action_index": 0.3357410054577999,
    "action_balance_std": 0.46904980072008934,
    "agent_1_action_mean": 0.9968,
    "agent_2_action_mean": 0.0,
    "agent_3_action_mean": 0.0036
  },
  "constraint_violations": {
    "mean": 0.0,
    "std": 0.0
  },
  "damage_metrics": {
    "avg_damage_prevented": 0.2801240000000004,
    "avg_damage_after": 5.037596000000001
  },
  "robustness_metrics": {
    "noise_level": 0.05,
    "reward_mean": -936.8493500000001,
    "reward_delta": -26.26879999999983,
    "reward_ratio": 1.02884840886431
  },
  "raw_metrics": {
    "cumulative_reward_mean": -910.5805500000002,
    "cumulative_reward_std": 245.0149451009826,
    "reward_mean": -910.5805500000002,
    "reward_std": 245.0149451009826,
    "violation_rate_mean": 0.0,
    "violation_rate_std": 0.0,
    "avg_damage_prevented_mean": 0.2801240000000004,
    "avg_damage_prevented_std": 0.007960240197380937,
    "avg_damage_after_mean": 5.037596000000001,
    "avg_damage_after_std": 0.652175811866709,
    "observation_noise_mean": 0.019999999999999997,
    "fairness_action_balance_std": 0.46904980072008934,
    "fairness_jain_action_index": 0.3357410054577999,
    "agent_1_action_mean": 0.9968,
    "agent_2_action_mean": 0.0,
    "agent_3_action_mean": 0.0036,
    "robustness_noise_level": 0.05,
    "robustness_reward_mean": -936.8493500000001,
    "robustness_damage_prevented_mean": 0.2794120000000004,
    "robustness_reward_delta": -26.26879999999983,
    "robustness_reward_ratio": 1.02884840886431
  }
}