{
  "seed": 3,
  "method": "cpo",
  "git_commit": "f900e6da8bacaf707dcb6e6cc19fd19113cbca4c",
  "config_hash": "bce1b69a5865fbea",
  "reward": -900.0298000000001,
  "accuracy": null,
  "fairness_metrics": {
    "jain_action_index": 0.3333333322415227,
    "action_balance_std": 0.47555288057399275,
    "agent_1_action_mean": 1.0088,
    "agent_2_action_mean": 0.0,
    "agent_3_action_mean": 0.0
  },
  "constraint_violations": {
    "mean": 0.0,
    "std": 0.0
  },
  "damage_metrics": {
    "avg_damage_prevented": 0.2824640000000004,
    "avg_damage_after": 5.005606
  },
  "robustness_metrics": {
    "noise_level": 0.05,
    "reward_mean": -936.9309500000002,
    "reward_delta": -36.90115000000003,
    "reward_ratio": 1.04099992023643
  },
  "raw_metrics": {
    "cumulative_reward_mean": -900.0298000000001,
    "cumulative_reward_std": 251.7729243877507,
    "reward_mean": -900.0298000000001,
    "reward_std": 251.7729243877507,
    "violation_rate_mean": 0.0,
    "violation_rate_std": 0.0,
    "avg_damage_prevented_mean": 0.2824640000000004,
    "avg_damage_prevented_std": 0.00775230959134113,
    "avg_damage_after_mean": 5.005606,
    "avg_damage_after_std": 0.673064991188816,
    "observation_noise_mean": 0.019999999999999997,
    "fairness_action_balance_std": 0.47555288057399275,
    "fairness_jain_action_index": 0.3333333322415227,
    "agent_1_action_mean": 1.0088,
    "agent_2_action_mean": 0.0,
    "agent_3_action_mean": 0.0,
    "robustness_noise_level": 0.05,
    "robustness_reward_mean": -936.9309500000002,
    "robustness_damage_prevented_mean": 0.28084000000000037,
    "robustness_reward_delta": -36.90115000000003,
    "robustness_reward_ratio": 1.04099992023643
  }
}